"lakeid","year4","sta","depth","taxon","nreps","avg_ind","stdev_ind","avg_ind_per_m2","stdev_ind_per_m2","avg_ind_per_m3","stdev_ind_per_m3"
"AL",1983,1,8,"CHAOBORUS LARVAE",5,763,186.84,971.48,237.89,121.44,29.74
"AL",1983,1,8,"LEPTODORA",5,35.4,13.08,45.07,16.65,5.63,2.08
"AL",1983,1,8,"MYSIS",5,0,0,0,0,0,0
"BM",1983,1,19.2,"CHAOBORUS LARVAE",5,10,4.43,12.73,5.64,0.66,0.29
"BM",1983,1,19.2,"LEPTODORA",5,3.8,3.97,4.84,5.05,0.25,0.26
"BM",1983,1,19.2,"MYSIS",5,0,0,0,0,0,0
"CB",1983,1,2.5,"CHAOBORUS LARVAE",5,108,29.18,137.51,37.15,55,14.86
"CB",1983,1,2.5,"LEPTODORA",5,0,0,0,0,0,0
"CB",1983,1,2.5,"MYSIS",5,0,0,0,0,0,0
"CR",1983,1,19.9,"CHAOBORUS LARVAE",5,3,0.63,3.82,0.81,0.19,0.04
"CR",1983,1,19.9,"LEPTODORA",5,227.4,38.69,289.53,49.26,14.55,2.48
"CR",1983,1,19.9,"MYSIS",5,0,0,0,0,0,0
"SP",1983,1,19.9,"CHAOBORUS LARVAE",5,2.4,1.62,3.06,2.07,0.15,0.1
"SP",1983,1,19.9,"LEPTODORA",5,0.6,0.8,0.76,1.02,0.04,0.05
"SP",1983,1,19.9,"MYSIS",5,0,0,0,0,0,0
"TB",1983,1,6.5,"CHAOBORUS LARVAE",5,59.8,29.38,76.14,37.41,11.71,5.76
"TB",1983,1,6.5,"LEPTODORA",5,0,0,0,0,0,0
"TB",1983,1,6.5,"MYSIS",5,0,0,0,0,0,0
"TR",1983,4,11.2,"CHAOBORUS LARVAE",3,65,10.23,82.76,13.03,7.39,1.16
"TR",1983,4,11.2,"LEPTODORA",3,160.33,61.16,204.14,77.87,18.23,6.95
"TR",1983,4,11.2,"MYSIS",3,4,0.82,5.09,1.04,0.45,0.09
"TR",1983,5,16.5,"CHAOBORUS LARVAE",3,21.33,3.86,27.16,4.91,1.65,0.3
"TR",1983,5,16.5,"LEPTODORA",3,78,21.28,99.31,27.09,6.02,1.64
"TR",1983,5,16.5,"MYSIS",3,49.33,18.37,62.81,23.39,3.81,1.42
"TR",1983,6,21.5,"CHAOBORUS LARVAE",5,20.6,6.22,26.23,7.91,1.22,0.37
"TR",1983,6,21.5,"LEPTODORA",5,100,36.85,127.32,46.92,5.92,2.18
"TR",1983,6,21.5,"MYSIS",5,43.4,13.84,55.26,17.62,2.57,0.82
"TR",1983,7,25.7,"CHAOBORUS LARVAE",2,23.5,1.5,29.92,1.91,1.16,0.07
"TR",1983,7,25.7,"LEPTODORA",2,85,14,108.23,17.83,4.21,0.69
"TR",1983,7,25.7,"MYSIS",2,47.5,4.5,60.48,5.73,2.35,0.22
"TR",1983,2,31.6,"CHAOBORUS LARVAE",3,4.67,2.36,5.94,3,0.19,0.09
"TR",1983,2,31.6,"LEPTODORA",3,116.33,56.83,148.12,72.36,4.69,2.29
"TR",1983,2,31.6,"MYSIS",3,1.67,1.25,2.12,1.59,0.07,0.05
"AL",1984,1,7,"CHAOBORUS LARVAE",5,177.2,60.31,225.62,76.79,32.23,10.97
"AL",1984,1,7,"LEPTODORA",5,32.2,11.3,41,14.39,5.86,2.06
"AL",1984,1,7,"MYSIS",5,0,0,0,0,0,0
"BM",1984,1,18,"CHAOBORUS LARVAE",5,60.2,21.14,76.65,26.92,4.26,1.5
"BM",1984,1,18,"LEPTODORA",5,0.6,0.8,0.76,1.02,0.04,0.06
"BM",1984,1,18,"MYSIS",5,0,0,0,0,0,0
"CB",1984,1,1.5,"CHAOBORUS LARVAE",5,66,24.27,84.03,30.91,56.02,20.6
"CB",1984,1,1.5,"LEPTODORA",5,17.6,22.7,22.41,28.91,14.94,19.27
"CB",1984,1,1.5,"MYSIS",5,0,0,0,0,0,0
"CR",1984,1,18,"CHAOBORUS LARVAE",5,12.2,6.27,15.53,7.99,0.86,0.44
"CR",1984,1,18,"LEPTODORA",5,720,164.8,916.73,209.84,50.93,11.66
"CR",1984,1,18,"MYSIS",5,0,0,0,0,0,0
"SP",1984,1,18.5,"CHAOBORUS LARVAE",4,20.25,3.19,25.78,4.06,1.39,0.22
"SP",1984,1,18.5,"LEPTODORA",4,298.25,55.87,379.74,71.14,20.53,3.85
"SP",1984,1,18.5,"MYSIS",4,0,0,0,0,0,0
"TB",1984,1,7.5,"CHAOBORUS LARVAE",5,74.2,21.68,94.47,27.61,12.6,3.68
"TB",1984,1,7.5,"LEPTODORA",5,0.4,0.49,0.51,0.62,0.07,0.08
"TB",1984,1,7.5,"MYSIS",5,0,0,0,0,0,0
"TR",1984,4,10,"CHAOBORUS LARVAE",5,47.8,18.48,60.86,23.52,6.09,2.35
"TR",1984,4,10,"LEPTODORA",5,110.2,70.94,140.31,90.32,14.03,9.03
"TR",1984,4,10,"MYSIS",5,0,0,0,0,0,0
"TR",1984,5,15,"CHAOBORUS LARVAE",1,142,0,180.8,0,12.05,0
"TR",1984,5,15,"LEPTODORA",1,118,0,150.24,0,10.02,0
"TR",1984,5,15,"MYSIS",1,0,0,0,0,0,0
"TR",1984,8,18,"CHAOBORUS LARVAE",3,19,11.31,24.19,14.41,1.34,0.8
"TR",1984,8,18,"LEPTODORA",3,108.67,14.82,138.36,18.87,7.69,1.05
"TR",1984,8,18,"MYSIS",3,39.33,14.08,50.08,17.93,2.78,1
"TR",1984,6,20,"CHAOBORUS LARVAE",1,27,0,34.38,0,1.72,0
"TR",1984,6,20,"LEPTODORA",1,122,0,155.34,0,7.77,0
"TR",1984,6,20,"MYSIS",1,36,0,45.84,0,2.29,0
"TR",1984,7,25,"CHAOBORUS LARVAE",4,24.75,7.5,31.51,9.54,1.26,0.38
"TR",1984,7,25,"LEPTODORA",4,140.25,15.51,178.57,19.75,7.14,0.79
"TR",1984,7,25,"MYSIS",4,30,4.85,38.2,6.17,1.53,0.25
"TR",1984,2,30,"CHAOBORUS LARVAE",3,37.33,16.05,47.53,20.43,1.58,0.68
"TR",1984,2,30,"LEPTODORA",3,54.67,28.77,69.6,36.63,2.32,1.22
"TR",1984,2,30,"MYSIS",3,5.33,3.68,6.79,4.69,0.23,0.16
"AL",1985,1,7,"CHAOBORUS LARVAE",5,718.4,156.87,914.7,199.74,130.67,28.53
"AL",1985,1,7,"LEPTODORA",5,391.4,132.49,498.35,168.69,71.19,24.1
"AL",1985,1,7,"MYSIS",5,0,0,0,0,0,0
"BM",1985,1,18,"CHAOBORUS LARVAE",5,306.8,61.43,390.63,78.21,21.7,4.35
"BM",1985,1,18,"LEPTODORA",5,9.2,8.54,11.71,10.88,0.65,0.6
"BM",1985,1,18,"MYSIS",5,0,0,0,0,0,0
"CB",1985,1,2,"CHAOBORUS LARVAE",5,73.8,26.03,93.97,33.14,46.98,16.57
"CB",1985,1,2,"LEPTODORA",5,88.6,100.25,112.81,127.65,56.4,63.82
"CB",1985,1,2,"MYSIS",5,0,0,0,0,0,0
"CR",1985,1,18,"CHAOBORUS LARVAE",5,24.2,10.13,30.81,12.89,1.71,0.72
"CR",1985,1,18,"LEPTODORA",5,993.6,146.98,1265.09,187.14,70.28,10.4
"CR",1985,1,18,"MYSIS",5,0,0,0,0,0,0
"SP",1985,1,18,"CHAOBORUS LARVAE",5,32.6,5.57,41.51,7.09,2.31,0.39
"SP",1985,1,18,"LEPTODORA",5,0,0,0,0,0,0
"SP",1985,1,18,"MYSIS",5,0,0,0,0,0,0
"TB",1985,1,7,"CHAOBORUS LARVAE",5,123,45.51,156.61,57.94,22.37,8.28
"TB",1985,1,7,"LEPTODORA",5,12.8,7.93,16.3,10.1,2.33,1.44
"TB",1985,1,7,"MYSIS",5,0,0,0,0,0,0
"TR",1985,4,10,"CHAOBORUS LARVAE",3,30.67,8.5,39.05,10.82,3.9,1.08
"TR",1985,4,10,"LEPTODORA",3,60.33,23.11,76.82,29.43,7.68,2.94
"TR",1985,4,10,"MYSIS",3,0.33,0.47,0.42,0.6,0.04,0.06
"TR",1985,5,14,"CHAOBORUS LARVAE",3,28.33,1.25,36.08,1.59,2.58,0.11
"TR",1985,5,14,"LEPTODORA",3,31.33,11.09,39.89,14.11,2.85,1.01
"TR",1985,5,14,"MYSIS",3,88.33,29.1,112.47,37.05,8.03,2.65
"TR",1985,6,21,"CHAOBORUS LARVAE",3,26.33,6.13,33.53,7.8,1.6,0.37
"TR",1985,6,21,"LEPTODORA",3,18.67,0.94,23.77,1.2,1.13,0.06
"TR",1985,6,21,"MYSIS",3,75.67,6.13,96.34,7.8,4.59,0.37
"TR",1985,7,24,"CHAOBORUS LARVAE",3,28.33,3.4,36.08,4.33,1.5,0.18
"TR",1985,7,24,"LEPTODORA",3,21,5.66,26.74,7.2,1.11,0.3
"TR",1985,7,24,"MYSIS",3,60.33,6.24,76.82,7.94,3.2,0.33
"TR",1985,2,29,"CHAOBORUS LARVAE",5,19.6,3.93,24.96,5,0.86,0.17
"TR",1985,2,29,"LEPTODORA",5,105.2,30.45,133.94,38.77,4.62,1.34
"TR",1985,2,29,"MYSIS",5,27.4,7.36,34.89,9.38,1.2,0.32
"AL",1986,1,7,"CHAOBORUS LARVAE",5,237.6,53.14,302.52,67.65,43.22,9.66
"AL",1986,1,7,"LEPTODORA",5,9.2,3.82,11.71,4.86,1.67,0.69
"AL",1986,1,7,"MYSIS",5,0,0,0,0,0,0
"BM",1986,1,19,"CHAOBORUS LARVAE",5,309.8,67.21,394.45,85.58,20.76,4.5
"BM",1986,1,19,"CHAOBORUS PUPAE",3,32.67,3.68,41.59,4.69,2.19,0.25
"BM",1986,1,19,"LEPTODORA",5,2.2,1.47,2.8,1.87,0.15,0.1
"BM",1986,1,19,"MYSIS",5,0,0,0,0,0,0
"CB",1986,1,2,"CHAOBORUS LARVAE",5,259.2,181.89,330.02,231.59,165.01,115.79
"CB",1986,1,2,"LEPTODORA",5,21.2,21.46,26.99,27.32,13.5,13.66
"CB",1986,1,2,"MYSIS",5,0,0,0,0,0,0
"CR",1986,1,19,"CHAOBORUS LARVAE",5,1.2,1.17,1.53,1.48,0.08,0.08
"CR",1986,1,19,"CHAOBORUS PUPAE",5,0.6,0.49,0.76,0.62,0.04,0.03
"CR",1986,1,19,"LEPTODORA",5,162.4,26.81,206.77,34.13,10.88,1.8
"CR",1986,1,19,"MYSIS",5,0,0,0,0,0,0
"SP",1986,1,19,"CHAOBORUS LARVAE",5,7,4.86,8.91,6.19,0.47,0.33
"SP",1986,1,19,"LEPTODORA",5,37.8,7.78,48.13,9.91,2.53,0.52
"SP",1986,1,19,"MYSIS",5,0,0,0,0,0,0
"TB",1986,1,7,"CHAOBORUS LARVAE",5,192.8,75,245.48,95.49,35.07,13.64
"TB",1986,1,7,"CHAOBORUS PUPAE",5,0.4,0.49,0.51,0.62,0.07,0.09
"TB",1986,1,7,"LEPTODORA",5,0,0,0,0,0,0
"TB",1986,1,7,"MYSIS",5,0,0,0,0,0,0
"TR",1986,4,10,"CHAOBORUS LARVAE",3,31,22.02,39.47,28.03,3.95,2.8
"TR",1986,4,10,"LEPTODORA",3,69.33,20.24,88.28,25.77,8.83,2.58
"TR",1986,4,10,"MYSIS",3,0,0,0,0,0,0
"TR",1986,5,16,"CHAOBORUS LARVAE",3,5.67,2.49,7.22,3.18,0.45,0.2
"TR",1986,5,16,"LEPTODORA",3,44.67,11.15,56.87,14.19,3.55,0.89
"TR",1986,5,16,"MYSIS",3,54.67,8.01,69.6,10.2,4.35,0.64
"TR",1986,6,20,"CHAOBORUS LARVAE",3,7.33,2.05,9.34,2.62,0.47,0.13
"TR",1986,6,20,"LEPTODORA",3,27.33,2.49,34.8,3.18,1.74,0.16
"TR",1986,6,20,"MYSIS",3,43.67,5.31,55.6,6.76,2.78,0.34
"TR",1986,7,25,"CHAOBORUS LARVAE",3,13.33,0.94,16.98,1.2,0.68,0.05
"TR",1986,7,25,"LEPTODORA",3,43.33,17.33,55.17,22.06,2.21,0.88
"TR",1986,7,25,"MYSIS",3,19.67,1.89,25.04,2.4,1,0.1
"TR",1986,2,31.5,"CHAOBORUS LARVAE",5,28.4,9.87,36.16,12.57,1.15,0.4
"TR",1986,2,31.5,"LEPTODORA",5,60.4,13.81,76.9,17.58,2.44,0.56
"TR",1986,2,31.5,"MYSIS",5,1.2,1.47,1.53,1.87,0.05,0.06
"AL",1987,1,6,"CHAOBORUS LARVAE",5,456.2,60.79,580.85,77.4,96.81,12.9
"AL",1987,1,6,"CHAOBORUS PUPAE",5,29.2,5.53,37.18,7.04,6.2,1.17
"AL",1987,1,6,"LEPTODORA",5,43.8,13.06,55.77,16.63,9.29,2.77
"AL",1987,1,6,"MYSIS",5,0,0,0,0,0,0
"BM",1987,1,18,"CHAOBORUS LARVAE",5,325.2,99.36,414.06,126.51,23,7.03
"BM",1987,1,18,"CHAOBORUS PUPAE",5,5.8,4.26,7.38,5.43,0.41,0.3
"BM",1987,1,18,"LEPTODORA",5,2.6,1.85,3.31,2.36,0.18,0.13
"BM",1987,1,18,"MYSIS",5,0,0,0,0,0,0
"CB",1987,1,2,"CHAOBORUS LARVAE",5,1204.4,766.84,1533.49,976.37,766.75,488.18
"CB",1987,1,2,"CHAOBORUS PUPAE",5,1.4,1.5,1.78,1.91,0.89,0.95
"CB",1987,1,2,"LEPTODORA",5,8.6,12.31,10.95,15.67,5.47,7.83
"CB",1987,1,2,"MYSIS",5,0,0,0,0,0,0
"CR",1987,1,18,"MYSIS",5,0,0,0,0,0,0
"CR",1987,1,19,"CHAOBORUS LARVAE",5,1.6,1.02,2.04,1.3,0.11,0.07
"CR",1987,1,19,"CHAOBORUS PUPAE",5,0.2,0.4,0.25,0.51,0.01,0.03
"CR",1987,1,19,"LEPTODORA",5,463.2,286.69,589.76,365.02,31.04,19.21
"SP",1987,1,17,"CHAOBORUS LARVAE",5,0.4,0.49,0.51,0.62,0.03,0.04
"SP",1987,1,17,"CHAOBORUS PUPAE",5,0.2,0.4,0.25,0.51,0.01,0.03
"SP",1987,1,17,"LEPTODORA",5,30,12.65,38.2,16.11,2.25,0.95
"SP",1987,1,17,"MYSIS",5,0,0,0,0,0,0
"TB",1987,1,6,"CHAOBORUS LARVAE",5,262,98.8,333.59,125.8,55.6,20.97
"TB",1987,1,6,"CHAOBORUS PUPAE",5,0.8,1.17,1.02,1.48,0.17,0.25
"TB",1987,1,6,"LEPTODORA",5,0,0,0,0,0,0
"TB",1987,1,6,"MYSIS",5,0,0,0,0,0,0
"TR",1987,4,10,"CHAOBORUS LARVAE",3,32.33,3.77,41.17,4.8,4.12,0.48
"TR",1987,4,10,"CHAOBORUS PUPAE",3,4.33,1.25,5.52,1.59,0.55,0.16
"TR",1987,4,10,"LEPTODORA",3,38.33,16.36,48.81,20.83,4.88,2.08
"TR",1987,4,10,"MYSIS",3,0,0,0,0,0,0
"TR",1987,5,15,"CHAOBORUS LARVAE",3,29.33,5.31,37.35,6.76,2.49,0.45
"TR",1987,5,15,"CHAOBORUS PUPAE",3,5.67,1.7,7.22,2.16,0.48,0.14
"TR",1987,5,15,"LEPTODORA",3,37.67,8.18,47.96,10.41,3.2,0.69
"TR",1987,5,15,"MYSIS",3,7.67,5.44,9.76,6.92,0.65,0.46
"TR",1987,6,20,"CHAOBORUS LARVAE",3,17.33,4.78,22.07,6.09,1.1,0.3
"TR",1987,6,20,"CHAOBORUS PUPAE",3,6.33,2.05,8.06,2.62,0.4,0.13
"TR",1987,6,20,"LEPTODORA",3,54,3.56,68.75,4.53,3.44,0.23
"TR",1987,6,20,"MYSIS",3,10.33,4.78,13.16,6.09,0.66,0.3
"TR",1987,7,25,"CHAOBORUS LARVAE",3,22.33,8.73,28.44,11.12,1.14,0.44
"TR",1987,7,25,"CHAOBORUS PUPAE",3,5.67,1.25,7.22,1.59,0.29,0.06
"TR",1987,7,25,"LEPTODORA",3,46.33,6.6,58.99,8.4,2.36,0.34
"TR",1987,7,25,"MYSIS",3,12.33,2.87,15.7,3.65,0.63,0.15
"TR",1987,2,31,"CHAOBORUS LARVAE",5,25,5.73,31.83,7.29,1.03,0.24
"TR",1987,2,31,"CHAOBORUS PUPAE",5,2.8,0.4,3.57,0.51,0.12,0.02
"TR",1987,2,31,"LEPTODORA",5,67.8,11.72,86.33,14.92,2.78,0.48
"TR",1987,2,31,"MYSIS",5,0.2,0.4,0.25,0.51,0.01,0.02
"AL",1988,1,6,"CHAOBORUS LARVAE",5,339.8,159.01,432.65,202.46,72.11,33.74
"AL",1988,1,6,"CHAOBORUS PUPAE",5,5.4,3.01,6.88,3.83,1.15,0.64
"AL",1988,1,6,"LEPTODORA",5,136,63.44,173.16,80.78,28.86,13.46
"AL",1988,1,6,"MYSIS",5,0,0,0,0,0,0
"BM",1988,1,19,"CHAOBORUS LARVAE",5,41.4,10.13,52.71,12.9,2.77,0.68
"BM",1988,1,19,"CHAOBORUS PUPAE",5,6.6,1.62,8.4,2.07,0.44,0.11
"BM",1988,1,19,"LEPTODORA",5,26.6,11.72,33.87,14.93,1.78,0.79
"BM",1988,1,19,"MYSIS",5,0,0,0,0,0,0
"CB",1988,1,1.25,"CHAOBORUS LARVAE",5,702,296.13,893.81,377.04,715.05,301.63
"CB",1988,1,1.25,"CHAOBORUS PUPAE",5,0.4,0.49,0.51,0.62,0.41,0.5
"CB",1988,1,1.25,"LEPTODORA",5,0.2,0.4,0.25,0.51,0.2,0.41
"CB",1988,1,1.25,"MYSIS",5,0,0,0,0,0,0
"CR",1988,1,18,"CHAOBORUS LARVAE",5,0.4,0.49,0.51,0.62,0.03,0.03
"CR",1988,1,18,"CHAOBORUS PUPAE",5,0.2,0.4,0.25,0.51,0.01,0.03
"CR",1988,1,18,"LEPTODORA",5,142,60.22,180.8,76.67,10.04,4.26
"CR",1988,1,18,"MYSIS",5,0,0,0,0,0,0
"SP",1988,1,17,"CHAOBORUS LARVAE",5,11.6,5.28,14.77,6.72,0.87,0.4
"SP",1988,1,17,"CHAOBORUS PUPAE",5,1.8,0.75,2.29,0.95,0.13,0.06
"SP",1988,1,17,"LEPTODORA",5,12,8.07,15.28,10.28,0.9,0.6
"SP",1988,1,17,"MYSIS",5,0,0,0,0,0,0
"TB",1988,1,5.25,"CHAOBORUS LARVAE",5,1544.8,756.96,1966.9,963.8,374.65,183.58
"TB",1988,1,5.25,"CHAOBORUS PUPAE",5,8.6,6.15,10.95,7.83,2.09,1.49
"TB",1988,1,5.25,"LEPTODORA",5,0,0,0,0,0,0
"TB",1988,1,5.25,"MYSIS",5,0,0,0,0,0,0
"TR",1988,4,9,"CHAOBORUS LARVAE",3,4.33,1.25,5.52,1.59,0.61,0.18
"TR",1988,4,9,"CHAOBORUS PUPAE",3,3.67,0.47,4.67,0.6,0.52,0.07
"TR",1988,4,9,"LEPTODORA",3,125.33,4.92,159.58,6.27,17.73,0.7
"TR",1988,4,9,"MYSIS",3,11.33,6.02,14.43,7.66,1.6,0.85
"TR",1988,5,15,"CHAOBORUS LARVAE",3,10.33,1.7,13.16,2.16,0.88,0.14
"TR",1988,5,15,"CHAOBORUS PUPAE",3,6.67,1.7,8.49,2.16,0.57,0.14
"TR",1988,5,15,"LEPTODORA",3,45,2.83,57.3,3.6,3.82,0.24
"TR",1988,5,15,"MYSIS",3,46.67,6.02,59.42,7.66,3.96,0.51
"TR",1988,6,19,"CHAOBORUS LARVAE",3,10.67,3.3,13.58,4.2,0.71,0.22
"TR",1988,6,19,"CHAOBORUS PUPAE",3,5.33,0.47,6.79,0.6,0.36,0.03
"TR",1988,6,19,"LEPTODORA",3,81.67,43.49,103.98,55.38,5.47,2.91
"TR",1988,6,19,"MYSIS",3,87,16.87,110.77,21.48,5.83,1.13
"TR",1988,7,24,"CHAOBORUS LARVAE",3,7.33,1.7,9.34,2.16,0.39,0.09
"TR",1988,7,24,"CHAOBORUS PUPAE",3,3.33,1.25,4.24,1.59,0.18,0.07
"TR",1988,7,24,"LEPTODORA",3,78.67,20.53,100.16,26.14,4.17,1.09
"TR",1988,7,24,"MYSIS",3,73.33,14.08,93.37,17.93,3.89,0.75
"TR",1988,2,31,"CHAOBORUS LARVAE",5,12,4.38,15.28,5.58,0.49,0.18
"TR",1988,2,31,"CHAOBORUS PUPAE",5,5.8,1.47,7.38,1.87,0.24,0.06
"TR",1988,2,31,"LEPTODORA",5,31.2,7.57,39.73,9.64,1.28,0.31
"TR",1988,2,31,"MYSIS",5,0.8,0.75,1.02,0.95,0.03,0.03
"AL",1989,1,7,"CHAOBORUS LARVAE",5,611.2,250.89,778.2,319.45,111.17,45.64
"AL",1989,1,7,"LEPTODORA",5,3.6,3.14,4.58,3.99,0.65,0.57
"AL",1989,1,7,"MYSIS",5,0,0,0,0,0,0
"BM",1989,1,18,"CHAOBORUS LARVAE",5,111.8,25.59,142.35,32.58,7.91,1.81
"BM",1989,1,18,"LEPTODORA",5,0.4,0.8,0.51,1.02,0.03,0.06
"BM",1989,1,18,"MYSIS",5,0.2,0.4,0.25,0.51,0.01,0.03
"CB",1989,1,3,"CHAOBORUS LARVAE",5,372,121.95,473.65,155.27,157.88,51.76
"CB",1989,1,3,"LEPTODORA",5,0,0,0,0,0,0
"CB",1989,1,3,"MYSIS",5,0,0,0,0,0,0
"CR",1989,1,20,"CHAOBORUS LARVAE",5,20.2,12.91,25.72,16.43,1.29,0.82
"CR",1989,1,20,"LEPTODORA",5,106,67.74,134.96,86.25,6.75,4.31
"CR",1989,1,20,"MYSIS",5,0.2,0.4,0.25,0.51,0.01,0.03
"SP",1989,1,17,"CHAOBORUS LARVAE",5,5.4,3.72,6.88,4.74,0.4,0.28
"SP",1989,1,17,"LEPTODORA",5,13.8,7.19,17.57,9.16,1.03,0.54
"SP",1989,1,17,"MYSIS",5,0,0,0,0,0,0
"TB",1989,1,6,"CHAOBORUS LARVAE",5,437.4,191.07,556.92,243.28,92.82,40.55
"TB",1989,1,6,"LEPTODORA",5,1.2,1.94,1.53,2.47,0.25,0.41
"TB",1989,1,6,"MYSIS",5,0,0,0,0,0,0
"TR",1989,4,10,"CHAOBORUS LARVAE",3,0.67,0.94,0.85,1.2,0.08,0.12
"TR",1989,4,10,"LEPTODORA",3,37.33,11.12,47.53,14.15,4.75,1.42
"TR",1989,4,10,"MYSIS",3,46.67,8.18,59.42,10.41,5.94,1.04
"TR",1989,5,15,"CHAOBORUS LARVAE",3,1.67,1.7,2.12,2.16,0.14,0.14
"TR",1989,5,15,"LEPTODORA",3,88.33,25.3,112.47,32.22,7.5,2.15
"TR",1989,5,15,"MYSIS",3,88.33,26.39,112.47,33.6,7.5,2.24
"TR",1989,6,20,"CHAOBORUS LARVAE",3,5.33,0.47,6.79,0.6,0.34,0.03
"TR",1989,6,20,"LEPTODORA",3,48,23.34,61.12,29.71,3.06,1.49
"TR",1989,6,20,"MYSIS",3,101,38.74,128.6,49.32,6.43,2.47
"TR",1989,7,25,"CHAOBORUS LARVAE",3,5,1.63,6.37,2.08,0.25,0.08
"TR",1989,7,25,"LEPTODORA",3,62.67,6.13,79.79,7.8,3.19,0.31
"TR",1989,7,25,"MYSIS",3,20.33,4.03,25.89,5.13,1.04,0.21
"TR",1989,2,30,"CHAOBORUS LARVAE",5,11,3.1,14.01,3.94,0.47,0.13
"TR",1989,2,30,"LEPTODORA",5,58.2,5.46,74.1,6.95,2.47,0.23
"TR",1989,2,30,"MYSIS",5,1.8,0.98,2.29,1.25,0.08,0.04
"AL",1990,1,7,"CHAOBORUS LARVAE",5,2451,596.18,3120.71,759.08,445.82,108.44
"AL",1990,1,7,"LEPTODORA",5,22.2,18.7,28.27,23.81,4.04,3.4
"AL",1990,1,7,"MYSIS",5,0.2,0.4,0.25,0.51,0.04,0.07
"BM",1990,1,16,"CHAOBORUS LARVAE",5,113.8,17.72,144.89,22.57,9.06,1.41
"BM",1990,1,16,"LEPTODORA",5,11.6,15.03,14.77,19.13,0.92,1.2
"BM",1990,1,16,"MYSIS",5,0,0,0,0,0,0
"CB",1990,1,3,"CHAOBORUS LARVAE",5,434,357.43,552.59,455.1,184.2,151.7
"CB",1990,1,3,"LEPTODORA",5,0,0,0,0,0,0
"CB",1990,1,3,"MYSIS",5,0,0,0,0,0,0
"CR",1990,1,17,"CHAOBORUS LARVAE",5,4.6,1.96,5.86,2.5,0.34,0.15
"CR",1990,1,17,"LEPTODORA",5,101.2,39.33,128.85,50.07,7.58,2.95
"CR",1990,1,17,"MYSIS",5,0,0,0,0,0,0
"SP",1990,1,17,"CHAOBORUS LARVAE",5,4.2,2.93,5.35,3.73,0.31,0.22
"SP",1990,1,17,"LEPTODORA",5,55.4,15.29,70.54,19.47,4.15,1.15
"SP",1990,1,17,"MYSIS",5,0,0,0,0,0,0
"TB",1990,1,7,"CHAOBORUS LARVAE",5,115,46.16,146.42,58.77,20.92,8.4
"TB",1990,1,7,"LEPTODORA",5,0,0,0,0,0,0
"TB",1990,1,7,"MYSIS",5,0,0,0,0,0,0
"TR",1990,4,9,"CHAOBORUS LARVAE",3,8,0.82,10.19,1.04,1.13,0.12
"TR",1990,4,9,"LEPTODORA",3,119.33,20.81,151.94,26.49,16.88,2.94
"TR",1990,4,9,"MYSIS",3,0.33,0.47,0.42,0.6,0.05,0.07
"TR",1990,5,16,"CHAOBORUS LARVAE",3,9,6.48,11.46,8.25,0.72,0.52
"TR",1990,5,16,"LEPTODORA",3,64.67,33.63,82.34,42.82,5.15,2.68
"TR",1990,5,16,"MYSIS",3,148.67,46.71,189.29,59.47,11.83,3.72
"TR",1990,8,17,"CHAOBORUS LARVAE",3,10.33,3.86,13.16,4.91,0.77,0.29
"TR",1990,8,17,"LEPTODORA",3,75.67,7.41,96.34,9.43,5.67,0.55
"TR",1990,8,17,"MYSIS",3,116.67,18.37,148.54,23.39,8.74,1.38
"TR",1990,6,18,"CHAOBORUS LARVAE",1,1,0,1.27,0,0.07,0
"TR",1990,6,18,"LEPTODORA",1,36,0,45.84,0,2.55,0
"TR",1990,6,18,"MYSIS",1,5,0,6.37,0,0.35,0
"TR",1990,7,25,"CHAOBORUS LARVAE",3,26.67,27.18,33.95,34.61,1.36,1.38
"TR",1990,7,25,"LEPTODORA",3,53,32.87,67.48,41.86,2.7,1.67
"TR",1990,7,25,"MYSIS",3,68,10.98,86.58,13.99,3.46,0.56
"TR",1990,2,29,"CHAOBORUS LARVAE",5,4,1.9,5.09,2.42,0.18,0.08
"TR",1990,2,29,"LEPTODORA",5,129.4,42.47,164.76,54.08,5.68,1.86
"TR",1990,2,29,"MYSIS",5,89.2,40.47,113.57,51.53,3.92,1.78
"AL",1991,1,7,"CHAOBORUS LARVAE",5,1824.8,391.51,2323.41,498.49,331.92,71.21
"AL",1991,1,7,"LEPTODORA",5,10.6,8.09,13.5,10.3,1.93,1.47
"AL",1991,1,7,"MYSIS",5,0,0,0,0,0,0
"BM",1991,1,18,"CHAOBORUS LARVAE",5,8,3.9,10.19,4.96,0.57,0.28
"BM",1991,1,18,"LEPTODORA",5,322.8,64.06,411,81.56,22.83,4.53
"BM",1991,1,18,"MYSIS",5,0,0,0,0,0,0
"CB",1991,1,2,"CHAOBORUS LARVAE",5,240.4,34.6,306.09,44.05,153.04,22.03
"CB",1991,1,2,"LEPTODORA",5,0,0,0,0,0,0
"CB",1991,1,2,"MYSIS",5,0,0,0,0,0,0
"CR",1991,1,19,"CHAOBORUS LARVAE",5,1.2,0.98,1.53,1.25,0.08,0.07
"CR",1991,1,19,"LEPTODORA",5,124,14.44,157.88,18.38,8.31,0.97
"CR",1991,1,19,"MYSIS",5,0,0,0,0,0,0
"SP",1991,1,18,"CHAOBORUS LARVAE",5,5.2,1.6,6.62,2.04,0.37,0.11
"SP",1991,1,18,"LEPTODORA",5,291.2,57.47,370.77,73.17,20.6,4.07
"SP",1991,1,18,"MYSIS",5,0,0,0,0,0,0
"TB",1991,1,8,"CHAOBORUS LARVAE",5,161.2,44.23,205.25,56.31,25.66,7.04
"TB",1991,1,8,"LEPTODORA",5,1,1.1,1.27,1.39,0.16,0.17
"TB",1991,1,8,"MYSIS",5,0,0,0,0,0,0
"TR",1991,4,10,"CHAOBORUS LARVAE",3,3,1.41,3.82,1.8,0.38,0.18
"TR",1991,4,10,"LEPTODORA",3,151.67,7.93,193.11,10.1,19.31,1.01
"TR",1991,4,10,"MYSIS",3,43,5.35,54.75,6.82,5.47,0.68
"TR",1991,5,15,"CHAOBORUS LARVAE",3,4.33,1.7,5.52,2.16,0.37,0.14
"TR",1991,5,15,"LEPTODORA",3,121.67,11.67,154.91,14.86,10.33,0.99
"TR",1991,5,15,"MYSIS",3,78.33,8.73,99.74,11.12,6.65,0.74
"TR",1991,6,20,"CHAOBORUS LARVAE",3,8.67,4.99,11.03,6.35,0.55,0.32
"TR",1991,6,20,"LEPTODORA",3,120,18.46,152.79,23.5,7.64,1.18
"TR",1991,6,20,"MYSIS",3,47,14.97,59.84,19.06,2.99,0.95
"TR",1991,7,25,"CHAOBORUS LARVAE",3,12.67,3.4,16.13,4.33,0.65,0.17
"TR",1991,7,25,"LEPTODORA",3,156.33,52.31,199.05,66.6,7.96,2.66
"TR",1991,7,25,"MYSIS",3,23,5.1,29.28,6.49,1.17,0.26
"TR",1991,2,32,"CHAOBORUS LARVAE",5,7.2,1.6,9.17,2.04,0.29,0.06
"TR",1991,2,32,"LEPTODORA",5,133.4,17.01,169.85,21.66,5.31,0.68
"TR",1991,2,32,"MYSIS",5,1,0.89,1.27,1.14,0.04,0.04
"AL",1992,1,8,"CHAOBORUS LARVAE",5,1553,172.03,1977.34,219.03,247.17,27.38
"AL",1992,1,8,"LEPTODORA",5,11.8,5.49,15.02,6.99,1.88,0.87
"AL",1992,1,8,"MYSIS",5,0,0,0,0,0,0
"BM",1992,1,18,"CHAOBORUS LARVAE",5,0.8,0.75,1.02,0.95,0.06,0.05
"BM",1992,1,18,"LEPTODORA",5,42.2,18.41,53.73,23.44,2.99,1.3
"BM",1992,1,18,"MYSIS",5,0,0,0,0,0,0
"CB",1992,1,2,"CHAOBORUS LARVAE",5,211,76.15,268.65,96.96,134.33,48.48
"CB",1992,1,2,"LEPTODORA",5,4,4.77,5.09,6.08,2.55,3.04
"CB",1992,1,2,"MYSIS",5,0,0,0,0,0,0
"CR",1992,1,19,"CHAOBORUS LARVAE",5,0.8,0.4,1.02,0.51,0.05,0.03
"CR",1992,1,19,"LEPTODORA",5,473,32.42,602.24,41.27,31.7,2.17
"CR",1992,1,19,"MYSIS",5,0,0,0,0,0,0
"SP",1992,1,18,"CHAOBORUS LARVAE",5,10.2,7.36,12.99,9.37,0.72,0.52
"SP",1992,1,18,"LEPTODORA",5,66,26.36,84.03,33.56,4.67,1.86
"SP",1992,1,18,"MYSIS",5,0,0,0,0,0,0
"TB",1992,1,7,"CHAOBORUS LARVAE",5,153,59.82,194.81,76.17,27.83,10.88
"TB",1992,1,7,"LEPTODORA",5,2.4,2.33,3.06,2.97,0.44,0.42
"TB",1992,1,7,"MYSIS",5,0,0,0,0,0,0
"TR",1992,4,10,"CHAOBORUS LARVAE",3,7,1.63,8.91,2.08,0.89,0.21
"TR",1992,4,10,"LEPTODORA",3,74.33,13.47,94.64,17.16,9.46,1.72
"TR",1992,4,10,"MYSIS",3,43.33,13.89,55.17,17.68,5.52,1.77
"TR",1992,5,15,"CHAOBORUS LARVAE",3,27,10.8,34.38,13.75,2.29,0.92
"TR",1992,5,15,"LEPTODORA",3,109.67,19.14,139.63,24.37,9.31,1.62
"TR",1992,5,15,"MYSIS",3,87.33,26.61,111.2,33.88,7.41,2.26
"TR",1992,6,20,"CHAOBORUS LARVAE",3,24,9.2,30.56,11.72,1.53,0.59
"TR",1992,6,20,"LEPTODORA",3,100.33,21.93,127.75,27.92,6.39,1.4
"TR",1992,6,20,"MYSIS",3,214,35.14,272.47,44.74,13.62,2.24
"TR",1992,7,25,"CHAOBORUS LARVAE",3,20.67,2.05,26.31,2.62,1.05,0.1
"TR",1992,7,25,"LEPTODORA",3,85.33,13.07,108.65,16.64,4.35,0.67
"TR",1992,7,25,"MYSIS",3,176,80,224.09,101.86,8.96,4.07
"TR",1992,2,32,"CHAOBORUS LARVAE",5,2.6,0.8,3.31,1.02,0.1,0.03
"TR",1992,2,32,"LEPTODORA",5,59,33.76,75.12,42.99,2.35,1.34
"TR",1992,2,32,"MYSIS",5,0.4,0.8,0.51,1.02,0.02,0.03
"AL",1993,1,7,"CHAOBORUS LARVAE",5,1518.6,540.27,1933.54,687.9,276.22,98.27
"AL",1993,1,7,"LEPTODORA",5,0.8,0.75,1.02,0.95,0.15,0.14
"AL",1993,1,7,"MYSIS",5,0,0,0,0,0,0
"BM",1993,1,19,"CHAOBORUS LARVAE",5,3,2.28,3.82,2.9,0.2,0.15
"BM",1993,1,19,"LEPTODORA",5,270,62.92,343.77,80.11,18.09,4.22
"BM",1993,1,19,"MYSIS",5,0,0,0,0,0,0
"CB",1993,1,2,"CHAOBORUS LARVAE",5,365,233.24,464.73,296.97,232.37,148.48
"CB",1993,1,2,"LEPTODORA",5,2.2,1.6,2.8,2.04,1.4,1.02
"CB",1993,1,2,"MYSIS",5,0,0,0,0,0,0
"CR",1993,1,19,"CHAOBORUS LARVAE",4,3.25,3.9,4.14,4.96,0.22,0.26
"CR",1993,1,19,"LEPTODORA",4,48.5,13.81,61.75,17.59,3.25,0.93
"CR",1993,1,19,"MYSIS",4,0,0,0,0,0,0
"SP",1993,1,20,"CHAOBORUS LARVAE",5,1.4,1.02,1.78,1.3,0.09,0.06
"SP",1993,1,20,"LEPTODORA",5,303.6,91.87,386.56,116.98,19.33,5.85
"SP",1993,1,20,"MYSIS",5,0,0,0,0,0,0
"TB",1993,1,7,"CHAOBORUS LARVAE",5,17.8,9.37,22.66,11.93,3.24,1.7
"TB",1993,1,7,"LEPTODORA",5,1.8,1.33,2.29,1.69,0.33,0.24
"TB",1993,1,7,"MYSIS",5,0,0,0,0,0,0
"TR",1993,4,9,"CHAOBORUS LARVAE",3,9.67,4.11,12.31,5.23,1.37,0.58
"TR",1993,4,9,"LEPTODORA",3,149,50.78,189.71,64.66,21.08,7.18
"TR",1993,4,9,"MYSIS",3,0,0,0,0,0,0
"TR",1993,5,15,"CHAOBORUS LARVAE",3,7.67,1.89,9.76,2.4,0.65,0.16
"TR",1993,5,15,"LEPTODORA",3,149,106.14,189.71,135.14,12.65,9.01
"TR",1993,5,15,"MYSIS",3,88.33,15.58,112.47,19.84,7.5,1.32
"TR",1993,6,19,"CHAOBORUS LARVAE",3,6.33,1.7,8.06,2.16,0.42,0.11
"TR",1993,6,19,"LEPTODORA",3,161.33,55.65,205.42,70.86,10.81,3.73
"TR",1993,6,19,"MYSIS",3,123,18.99,156.61,24.18,8.24,1.27
"TR",1993,7,24,"CHAOBORUS LARVAE",3,4.33,1.7,5.52,2.16,0.23,0.09
"TR",1993,7,24,"LEPTODORA",3,128.33,73.32,163.4,93.36,6.81,3.89
"TR",1993,7,24,"MYSIS",3,117.33,39.53,149.39,50.34,6.22,2.1
"TR",1993,2,32,"CHAOBORUS LARVAE",5,3.8,2.48,4.84,3.16,0.15,0.1
"TR",1993,2,32,"LEPTODORA",5,189.8,28.03,241.66,35.69,7.55,1.12
"TR",1993,2,32,"MYSIS",5,0,0,0,0,0,0
"AL",1994,1,7,"CHAOBORUS LARVAE",5,991.6,480.32,1262.54,611.56,180.36,87.37
"AL",1994,1,7,"LEPTODORA",5,18.2,9.93,23.17,12.64,3.31,1.81
"AL",1994,1,7,"MYSIS",5,0,0,0,0,0,0
"BM",1994,1,19,"CHAOBORUS LARVAE",5,9.8,1.94,12.48,2.47,0.66,0.13
"BM",1994,1,19,"LEPTODORA",5,5.6,4.22,7.13,5.38,0.38,0.28
"BM",1994,1,19,"MYSIS",5,0,0,0,0,0,0
"CB",1994,1,2,"CHAOBORUS LARVAE",5,126.8,62.5,161.45,79.57,80.72,39.79
"CB",1994,1,2,"LEPTODORA",5,0,0,0,0,0,0
"CB",1994,1,2,"MYSIS",5,0,0,0,0,0,0
"CR",1994,1,19,"CHAOBORUS LARVAE",5,0.6,0.8,0.76,1.02,0.04,0.05
"CR",1994,1,19,"LEPTODORA",5,292,119.69,371.79,152.4,19.57,8.02
"CR",1994,1,19,"MYSIS",5,0,0,0,0,0,0
"SP",1994,1,18,"CHAOBORUS LARVAE",5,10.4,15.36,13.24,19.55,0.74,1.09
"SP",1994,1,18,"LEPTODORA",5,50.4,23.35,64.17,29.73,3.57,1.65
"SP",1994,1,18,"MYSIS",5,0,0,0,0,0,0
"TB",1994,1,7,"CHAOBORUS LARVAE",5,318,83.4,404.89,106.19,57.84,15.17
"TB",1994,1,7,"LEPTODORA",5,0.2,0.4,0.25,0.51,0.04,0.07
"TB",1994,1,7,"MYSIS",5,0,0,0,0,0,0
"TR",1994,4,9.5,"CHAOBORUS LARVAE",3,6,5.72,7.64,7.28,0.8,0.77
"TR",1994,4,9.5,"LEPTODORA",3,71,35.34,90.4,44.99,9.52,4.74
"TR",1994,4,9.5,"MYSIS",3,3.67,2.36,4.67,3,0.49,0.32
"TR",1994,5,17,"CHAOBORUS LARVAE",3,7.33,0.94,9.34,1.2,0.55,0.07
"TR",1994,5,17,"LEPTODORA",3,82.67,54.74,105.25,69.69,6.19,4.1
"TR",1994,5,17,"MYSIS",3,176,42.34,224.09,53.91,13.18,3.17
"TR",1994,6,21.5,"CHAOBORUS LARVAE",3,11.67,0.47,14.85,0.6,0.69,0.03
"TR",1994,6,21.5,"LEPTODORA",3,117.67,34.41,149.82,43.82,6.97,2.04
"TR",1994,6,21.5,"MYSIS",3,67.33,16.36,85.73,20.83,3.99,0.97
"TR",1994,7,24,"CHAOBORUS LARVAE",3,5,2.16,6.37,2.75,0.27,0.11
"TR",1994,7,24,"LEPTODORA",3,140.67,54.78,179.1,69.75,7.46,2.91
"TR",1994,7,24,"MYSIS",3,74.67,10.66,95.07,13.57,3.96,0.57
"TR",1994,2,30.5,"CHAOBORUS LARVAE",5,4,2.28,5.09,2.9,0.17,0.1
"TR",1994,2,30.5,"LEPTODORA",5,113.2,33.53,144.13,42.69,4.73,1.4
"TR",1994,2,30.5,"MYSIS",5,0.8,0.75,1.02,0.95,0.03,0.03
"AL",1995,1,6,"CHAOBORUS LARVAE",5,1664,273.17,2118.67,347.81,353.11,57.97
"AL",1995,1,6,"LEPTODORA",5,18.2,5,23.17,6.36,3.86,1.06
"AL",1995,1,6,"MYSIS",5,0,0,0,0,0,0
"BM",1995,1,19,"CHAOBORUS LARVAE",5,28.6,17.4,36.41,22.15,1.92,1.17
"BM",1995,1,19,"LEPTODORA",5,27.2,8.3,34.63,10.57,1.82,0.56
"BM",1995,1,19,"MYSIS",5,0,0,0,0,0,0
"CB",1995,1,2,"CHAOBORUS LARVAE",5,484.6,159.64,617.01,203.26,308.51,101.63
"CB",1995,1,2,"LEPTODORA",5,0,0,0,0,0,0
"CB",1995,1,2,"MYSIS",5,0,0,0,0,0,0
"CR",1995,1,17,"CHAOBORUS LARVAE",5,9.2,3.49,11.71,4.44,0.69,0.26
"CR",1995,1,17,"LEPTODORA",5,478.8,153.28,609.63,195.16,35.86,11.48
"CR",1995,1,17,"MYSIS",5,0,0,0,0,0,0
"SP",1995,1,18,"CHAOBORUS LARVAE",5,0.6,0.8,0.76,1.02,0.04,0.06
"SP",1995,1,18,"LEPTODORA",5,178.8,33.66,227.66,42.86,12.65,2.38
"SP",1995,1,18,"MYSIS",5,0,0,0,0,0,0
"TB",1995,1,5,"CHAOBORUS LARVAE",5,183.6,76.16,233.77,96.97,46.75,19.39
"TB",1995,1,5,"LEPTODORA",5,3.8,1.94,4.84,2.47,0.97,0.49
"TB",1995,1,5,"MYSIS",5,0,0,0,0,0,0
"TR",1995,4,9,"CHAOBORUS LARVAE",3,12.67,2.49,16.13,3.18,1.79,0.35
"TR",1995,4,9,"LEPTODORA",3,183.33,84.69,233.43,107.82,25.94,11.98
"TR",1995,4,9,"MYSIS",3,0,0,0,0,0,0
"TR",1995,5,14,"CHAOBORUS LARVAE",3,5,0.82,6.37,1.04,0.45,0.07
"TR",1995,5,14,"LEPTODORA",3,125.33,19.6,159.58,24.96,11.4,1.78
"TR",1995,5,14,"MYSIS",3,66.33,7.04,84.46,8.96,6.03,0.64
"TR",1995,6,18.5,"CHAOBORUS LARVAE",3,6.67,2.62,8.49,3.34,0.46,0.18
"TR",1995,6,18.5,"LEPTODORA",3,74,16.33,94.22,20.79,5.09,1.12
"TR",1995,6,18.5,"MYSIS",3,130.67,5.31,166.37,6.76,8.99,0.37
"TR",1995,7,24.5,"CHAOBORUS LARVAE",3,9.33,2.62,11.88,3.34,0.49,0.14
"TR",1995,7,24.5,"LEPTODORA",3,38.67,5.44,49.23,6.92,2.01,0.28
"TR",1995,7,24.5,"MYSIS",3,38.33,3.3,48.81,4.2,1.99,0.17
"TR",1995,2,31.5,"CHAOBORUS LARVAE",5,8.4,4.22,10.7,5.38,0.34,0.17
"TR",1995,2,31.5,"LEPTODORA",5,85,31.62,108.23,40.26,3.44,1.28
"TR",1995,2,31.5,"MYSIS",5,0,0,0,0,0,0
"AL",1996,1,8,"CHAOBORUS LARVAE",5,3039.8,925.27,3870.39,1178.08,483.8,147.26
"AL",1996,1,8,"LEPTODORA",5,25.8,29.78,32.85,37.92,4.11,4.74
"AL",1996,1,8,"MYSIS",5,0,0,0,0,0,0
"BM",1996,1,19,"CHAOBORUS LARVAE",5,164.4,181.62,209.32,231.24,11.02,12.17
"BM",1996,1,19,"LEPTODORA",5,106.4,35.06,135.47,44.64,7.13,2.35
"BM",1996,1,19,"MYSIS",5,0,0,0,0,0,0
"CB",1996,1,2.1,"CHAOBORUS LARVAE",5,675.6,99.36,860.2,126.51,409.62,60.24
"CB",1996,1,2.1,"LEPTODORA",5,0,0,0,0,0,0
"CB",1996,1,2.1,"MYSIS",5,0,0,0,0,0,0
"CR",1996,1,19,"CHAOBORUS LARVAE",5,0.8,0.75,1.02,0.95,0.05,0.05
"CR",1996,1,19,"LEPTODORA",5,23.2,16.18,29.54,20.6,1.55,1.08
"CR",1996,1,19,"MYSIS",5,0,0,0,0,0,0
"SP",1996,1,19,"CHAOBORUS LARVAE",5,1.4,1.02,1.78,1.3,0.09,0.07
"SP",1996,1,19,"LEPTODORA",5,70,18.98,89.13,24.17,4.69,1.27
"SP",1996,1,19,"MYSIS",5,0,0,0,0,0,0
"TB",1996,1,9.5,"CHAOBORUS LARVAE",5,67.4,37.75,85.82,48.07,9.03,5.06
"TB",1996,1,9.5,"LEPTODORA",5,0,0,0,0,0,0
"TB",1996,1,9.5,"MYSIS",5,0,0,0,0,0,0
"TR",1996,4,10,"CHAOBORUS LARVAE",3,4.67,2.05,5.94,2.62,0.59,0.26
"TR",1996,4,10,"LEPTODORA",3,146.67,66.55,186.74,84.74,18.67,8.47
"TR",1996,4,10,"MYSIS",3,14.67,4.03,18.67,5.13,1.87,0.51
"TR",1996,5,15,"CHAOBORUS LARVAE",3,2.33,0.47,2.97,0.6,0.2,0.04
"TR",1996,5,15,"LEPTODORA",3,144.33,26.39,183.77,33.6,12.25,2.24
"TR",1996,5,15,"MYSIS",3,18.67,4.5,23.77,5.73,1.58,0.38
"TR",1996,6,20,"CHAOBORUS LARVAE",3,4.67,0.94,5.94,1.2,0.3,0.06
"TR",1996,6,20,"LEPTODORA",3,161,39.3,204.99,50.04,10.25,2.5
"TR",1996,6,20,"MYSIS",3,119.33,8.99,151.94,11.45,7.6,0.57
"TR",1996,7,25,"CHAOBORUS LARVAE",3,8.33,1.7,10.61,2.16,0.42,0.09
"TR",1996,7,25,"LEPTODORA",3,174.33,42.43,221.97,54.02,8.88,2.16
"TR",1996,7,25,"MYSIS",3,151,37.42,192.26,47.64,7.69,1.91
"TR",1996,2,32,"CHAOBORUS LARVAE",5,4,1.1,5.09,1.39,0.16,0.04
"TR",1996,2,32,"LEPTODORA",5,71.6,24.34,91.16,31,2.85,0.97
"TR",1996,2,32,"MYSIS",5,1.2,0.4,1.53,0.51,0.05,0.02
"AL",1997,1,7,"CHAOBORUS LARVAE",5,1637,279.59,2084.29,355.99,297.76,50.86
"AL",1997,1,7,"LEPTODORA",5,0.2,0.4,0.25,0.51,0.04,0.07
"AL",1997,1,7,"MYSIS",5,0,0,0,0,0,0
"BM",1997,1,19,"CHAOBORUS LARVAE",5,56.6,17.51,72.07,22.3,3.79,1.17
"BM",1997,1,19,"LEPTODORA",5,0,0,0,0,0,0
"BM",1997,1,19,"MYSIS",5,0,0,0,0,0,0
"CB",1997,1,2,"CHAOBORUS LARVAE",5,619,321.71,788.14,409.62,394.07,204.81
"CB",1997,1,2,"LEPTODORA",5,1.8,0.75,2.29,0.95,1.15,0.48
"CB",1997,1,2,"MYSIS",5,0,0,0,0,0,0
"CR",1997,1,19,"CHAOBORUS LARVAE",5,6.6,2.06,8.4,2.62,0.44,0.14
"CR",1997,1,19,"LEPTODORA",5,109,28.84,138.78,36.73,7.3,1.93
"CR",1997,1,19,"MYSIS",5,0,0,0,0,0,0
"SP",1997,1,19,"CHAOBORUS LARVAE",5,2,2.61,2.55,3.32,0.13,0.17
"SP",1997,1,19,"LEPTODORA",5,9,7.4,11.46,9.43,0.6,0.5
"SP",1997,1,19,"MYSIS",5,0,0,0,0,0,0
"TB",1997,1,7,"CHAOBORUS LARVAE",5,129.6,86.09,165.01,109.61,23.57,15.66
"TB",1997,1,7,"LEPTODORA",5,0.2,0.4,0.25,0.51,0.04,0.07
"TB",1997,1,7,"MYSIS",5,0,0,0,0,0,0
"TR",1997,4,10,"CHAOBORUS LARVAE",3,1,0.82,1.27,1.04,0.13,0.1
"TR",1997,4,10,"LEPTODORA",3,101.33,29.17,129.02,37.14,12.9,3.71
"TR",1997,4,10,"MYSIS",3,1,0.82,1.27,1.04,0.13,0.1
"TR",1997,5,15,"CHAOBORUS LARVAE",3,1.67,0.47,2.12,0.6,0.14,0.04
"TR",1997,5,15,"LEPTODORA",3,89,52.35,113.32,66.66,7.55,4.44
"TR",1997,5,15,"MYSIS",3,244.67,65.14,311.52,82.94,20.77,5.53
"TR",1997,6,20,"CHAOBORUS LARVAE",3,6.67,5.91,8.49,7.52,0.42,0.38
"TR",1997,6,20,"LEPTODORA",3,82.67,25.09,105.25,31.95,5.26,1.6
"TR",1997,6,20,"MYSIS",3,92,29.88,117.14,38.04,5.86,1.9
"TR",1997,7,25,"CHAOBORUS LARVAE",3,9.67,2.87,12.31,3.65,0.49,0.15
"TR",1997,7,25,"LEPTODORA",3,54.33,33.77,69.18,42.99,2.77,1.72
"TR",1997,7,25,"MYSIS",3,107.67,26.71,137.09,34.01,5.48,1.36
"TR",1997,2,32,"CHAOBORUS LARVAE",5,6.4,3.56,8.15,4.53,0.25,0.14
"TR",1997,2,32,"LEPTODORA",5,36,15.53,45.84,19.77,1.43,0.62
"TR",1997,2,32,"MYSIS",5,0.2,0.4,0.25,0.51,0.01,0.02
"CB",1998,1,2,"CHAOBORUS LARVAE",5,464.2,324.12,591.04,412.69,295.52,206.34
"CB",1998,1,2,"LEPTODORA",5,0,0,0,0,0,0
"CB",1998,1,2,"MYSIS",5,0,0,0,0,0,0
"TB",1998,1,7,"CHAOBORUS LARVAE",4,115.75,50.99,147.38,64.93,21.05,9.28
"TB",1998,1,7,"LEPTODORA",4,0,0,0,0,0,0
"TB",1998,1,7,"MYSIS",4,0,0,0,0,0,0
"TR",1998,4,10,"CHAOBORUS LARVAE",5,0.2,0.4,0.25,0.51,0.03,0.05
"TR",1998,4,10,"LEPTODORA",5,4.4,7.34,5.6,9.34,0.56,0.93
"TR",1998,4,10,"MYSIS",5,22.4,29.7,28.52,37.82,2.85,3.78
"TR",1998,5,15,"CHAOBORUS LARVAE",3,0.33,0.47,0.42,0.6,0.03,0.04
"TR",1998,5,15,"LEPTODORA",3,21,26.24,26.74,33.41,1.78,2.23
"TR",1998,5,15,"MYSIS",3,80.33,50.69,102.28,64.54,6.82,4.3
"TR",1998,6,20,"CHAOBORUS LARVAE",3,3.67,3.86,4.67,4.91,0.23,0.25
"TR",1998,6,20,"LEPTODORA",3,39,10.8,49.66,13.75,2.48,0.69
"TR",1998,6,20,"MYSIS",3,214,44.03,272.47,56.06,13.62,2.8
"TR",1998,7,25,"CHAOBORUS LARVAE",5,7.4,2.42,9.42,3.08,0.38,0.12
"TR",1998,7,25,"LEPTODORA",5,23,19.73,29.28,25.12,1.17,1
"TR",1998,7,25,"MYSIS",5,6.6,6.34,8.4,8.08,0.34,0.32
"TR",1998,2,30,"CHAOBORUS LARVAE",5,4,2,5.09,2.55,0.17,0.08
"TR",1998,2,30,"LEPTODORA",5,2.2,1.6,2.8,2.04,0.09,0.07
"TR",1998,2,30,"MYSIS",5,3.4,2.87,4.33,3.65,0.14,0.12
"AL",1999,1,7,"CHAOBORUS LARVAE",5,1509.6,811.45,1922.08,1033.17,274.58,147.6
"AL",1999,1,7,"LEPTODORA",5,45.4,21.31,57.81,27.14,8.26,3.88
"AL",1999,1,7,"MYSIS",5,0,0,0,0,0,0
"BM",1999,1,19,"CHAOBORUS LARVAE",5,349.4,74.3,444.87,94.6,23.41,4.98
"BM",1999,1,19,"LEPTODORA",5,31.4,10.27,39.98,13.07,2.1,0.69
"BM",1999,1,19,"MYSIS",5,0,0,0,0,0,0
"CB",1999,1,2,"CHAOBORUS LARVAE",5,200.4,162.16,255.16,206.47,127.58,103.23
"CB",1999,1,2,"LEPTODORA",5,0,0,0,0,0,0
"CB",1999,1,2,"MYSIS",5,0,0,0,0,0,0
"CR",1999,1,19,"CHAOBORUS LARVAE",5,19.4,13.76,24.7,17.52,1.3,0.92
"CR",1999,1,19,"LEPTODORA",5,305.8,96.76,389.36,123.19,20.49,6.48
"CR",1999,1,19,"MYSIS",5,0,0,0,0,0,0
"SP",1999,1,18,"CHAOBORUS LARVAE",5,50,28.31,63.66,36.04,3.54,2
"SP",1999,1,18,"LEPTODORA",5,90.6,21.02,115.36,26.76,6.41,1.49
"SP",1999,1,18,"MYSIS",5,0,0,0,0,0,0
"TB",1999,1,7,"CHAOBORUS LARVAE",5,125.2,41.16,159.41,52.4,22.77,7.49
"TB",1999,1,7,"LEPTODORA",5,0,0,0,0,0,0
"TB",1999,1,7,"MYSIS",5,0,0,0,0,0,0
"TR",1999,4,10,"CHAOBORUS LARVAE",3,3.67,3.09,4.67,3.94,0.47,0.39
"TR",1999,4,10,"LEPTODORA",3,137.67,33.41,175.28,42.54,17.53,4.25
"TR",1999,4,10,"MYSIS",3,0,0,0,0,0,0
"TR",1999,5,15,"CHAOBORUS LARVAE",3,12,3.74,15.28,4.76,1.02,0.32
"TR",1999,5,15,"LEPTODORA",3,109.67,25.9,139.63,32.98,9.31,2.2
"TR",1999,5,15,"MYSIS",3,20.33,8.26,25.89,10.52,1.73,0.7
"TR",1999,6,19.5,"CHAOBORUS LARVAE",3,8.67,3.09,11.03,3.94,0.57,0.2
"TR",1999,6,19.5,"LEPTODORA",3,153.67,6.18,195.65,7.87,10.03,0.4
"TR",1999,6,19.5,"MYSIS",3,20.67,3.86,26.31,4.91,1.35,0.25
"TR",1999,7,24.5,"CHAOBORUS LARVAE",3,5,2.94,6.37,3.75,0.26,0.15
"TR",1999,7,24.5,"LEPTODORA",3,107.33,18.93,136.66,24.1,5.58,0.98
"TR",1999,7,24.5,"MYSIS",3,43,3.27,54.75,4.16,2.23,0.17
"TR",1999,2,29,"CHAOBORUS LARVAE",5,22.2,6.85,28.27,8.73,0.97,0.3
"TR",1999,2,29,"LEPTODORA",5,151.8,56.93,193.28,72.48,6.66,2.5
"TR",1999,2,29,"MYSIS",5,3,1.67,3.82,2.13,0.13,0.07
"AL",2000,1,7,"CHAOBORUS LARVAE",5,1387,236.9,1765.98,301.63,252.28,43.09
"AL",2000,1,7,"LEPTODORA",5,61.6,26.54,78.43,33.79,11.2,4.83
"AL",2000,1,7,"MYSIS",5,0,0,0,0,0,0
"BM",2000,1,19,"CHAOBORUS LARVAE",5,148.8,64.91,189.46,82.65,9.97,4.35
"BM",2000,1,19,"LEPTODORA",5,5.2,4.02,6.62,5.12,0.35,0.27
"BM",2000,1,19,"MYSIS",5,0,0,0,0,0,0
"CB",2000,1,2.5,"CHAOBORUS LARVAE",5,43.6,9.39,55.51,11.96,22.21,4.78
"CB",2000,1,2.5,"LEPTODORA",5,0,0,0,0,0,0
"CB",2000,1,2.5,"MYSIS",5,0,0,0,0,0,0
"CR",2000,1,19,"CHAOBORUS LARVAE",5,3.8,2.04,4.84,2.6,0.25,0.14
"CR",2000,1,19,"LEPTODORA",5,274.6,149.15,349.63,189.9,18.4,9.99
"CR",2000,1,19,"MYSIS",5,0,0,0,0,0,0
"SP",2000,1,18,"CHAOBORUS LARVAE",5,24,31.91,30.56,40.62,1.7,2.26
"SP",2000,1,18,"LEPTODORA",5,103,42.36,131.14,53.93,7.29,3
"SP",2000,1,18,"MYSIS",5,0,0,0,0,0,0
"TB",2000,1,7,"CHAOBORUS LARVAE",5,17.2,10.87,21.9,13.84,3.13,1.98
"TB",2000,1,7,"LEPTODORA",5,2.6,1.85,3.31,2.36,0.47,0.34
"TB",2000,1,7,"MYSIS",5,0,0,0,0,0,0
"TR",2000,4,10,"CHAOBORUS LARVAE",3,5,2.45,6.37,3.12,0.64,0.31
"TR",2000,4,10,"LEPTODORA",3,130.67,13.27,166.37,16.9,16.64,1.69
"TR",2000,4,10,"MYSIS",3,0,0,0,0,0,0
"TR",2000,5,15,"CHAOBORUS LARVAE",3,12,5.72,15.28,7.28,1.02,0.49
"TR",2000,5,15,"LEPTODORA",3,175.67,84.11,223.67,107.1,14.91,7.14
"TR",2000,5,15,"MYSIS",3,45,12.36,57.3,15.73,3.82,1.05
"TR",2000,6,20,"CHAOBORUS LARVAE",3,6,1.41,7.64,1.8,0.38,0.09
"TR",2000,6,20,"LEPTODORA",3,142.33,18.08,181.22,23.02,9.06,1.15
"TR",2000,6,20,"MYSIS",3,60.67,6.18,77.24,7.87,3.86,0.39
"TR",2000,7,25,"CHAOBORUS LARVAE",3,18.67,7.04,23.77,8.96,0.95,0.36
"TR",2000,7,25,"LEPTODORA",3,254.67,13.67,324.25,17.41,12.97,0.7
"TR",2000,7,25,"MYSIS",3,19,11.22,24.19,14.29,0.97,0.57
"TR",2000,2,32,"CHAOBORUS LARVAE",5,17,3.9,21.65,4.96,0.68,0.16
"TR",2000,2,32,"LEPTODORA",5,205.8,64.98,262.03,82.73,8.19,2.59
"TR",2000,2,32,"MYSIS",5,1.6,1.2,2.04,1.53,0.06,0.05
"AL",2001,1,7,"CHAOBORUS LARVAE",5,668.2,235.12,850.78,299.37,121.54,42.77
"AL",2001,1,7,"LEPTODORA",5,16,6.07,20.37,7.72,2.91,1.1
"AL",2001,1,7,"MYSIS",5,0,0,0,0,0,0
"BM",2001,1,19,"CHAOBORUS LARVAE",5,92.2,34.1,117.39,43.42,6.18,2.29
"BM",2001,1,19,"LEPTODORA",5,89.4,35.86,113.83,45.66,5.99,2.4
"BM",2001,1,19,"MYSIS",5,0.2,0.4,0.25,0.51,0.01,0.03
"CB",2001,1,2,"CHAOBORUS LARVAE",5,140.2,34.49,178.51,43.91,89.25,21.96
"CB",2001,1,2,"LEPTODORA",5,0.8,1.6,1.02,2.04,0.51,1.02
"CB",2001,1,2,"MYSIS",5,0,0,0,0,0,0
"CR",2001,1,19,"CHAOBORUS LARVAE",5,36.2,34.83,46.09,44.35,2.43,2.33
"CR",2001,1,19,"LEPTODORA",5,75.4,33.68,96,42.89,5.05,2.26
"CR",2001,1,19,"MYSIS",5,0,0,0,0,0,0
"SP",2001,1,17,"CHAOBORUS LARVAE",5,1.8,2.14,2.29,2.72,0.13,0.16
"SP",2001,1,17,"LEPTODORA",5,71.8,30.21,91.42,38.46,5.38,2.26
"SP",2001,1,17,"MYSIS",5,0,0,0,0,0,0
"TB",2001,1,7,"CHAOBORUS LARVAE",5,16.8,9.99,21.39,12.72,3.06,1.82
"TB",2001,1,7,"LEPTODORA",5,2,3.03,2.55,3.86,0.36,0.55
"TB",2001,1,7,"MYSIS",5,0,0,0,0,0,0
"TR",2001,4,10,"CHAOBORUS LARVAE",3,13.67,1.25,17.4,1.59,1.74,0.16
"TR",2001,4,10,"LEPTODORA",3,45,4.08,57.3,5.2,5.73,0.52
"TR",2001,4,10,"MYSIS",3,0,0,0,0,0,0
"TR",2001,5,15,"CHAOBORUS LARVAE",3,44.33,2.49,56.45,3.18,3.76,0.21
"TR",2001,5,15,"LEPTODORA",3,121.33,59.2,154.49,75.37,10.3,5.02
"TR",2001,5,15,"MYSIS",3,11.33,14.64,14.43,18.64,0.96,1.24
"TR",2001,6,20,"CHAOBORUS LARVAE",3,43.67,31.04,55.6,39.52,2.78,1.98
"TR",2001,6,20,"LEPTODORA",3,117.67,94.34,149.82,120.11,7.49,6.01
"TR",2001,6,20,"MYSIS",3,66,52.47,84.03,66.8,4.2,3.34
"TR",2001,7,25,"CHAOBORUS LARVAE",3,43.33,10.66,55.17,13.57,2.21,0.54
"TR",2001,7,25,"LEPTODORA",3,216.33,75.44,275.44,96.06,11.02,3.84
"TR",2001,7,25,"MYSIS",3,46,6.48,58.57,8.25,2.34,0.33
"TR",2001,2,33,"CHAOBORUS LARVAE",5,35.4,5.89,45.07,7.49,1.37,0.23
"TR",2001,2,33,"LEPTODORA",5,151.4,22.18,192.77,28.24,5.84,0.86
"TR",2001,2,33,"MYSIS",5,0,0,0,0,0,0
"AL",2002,1,7,"CHAOBORUS LARVAE",5,1360.2,433.95,1731.86,552.52,247.41,78.93
"AL",2002,1,7,"CHAOBORUS PUPAE",5,496.2,172.84,631.78,220.06,90.25,31.44
"AL",2002,1,7,"LEPTODORA",5,5.4,5.82,6.88,7.41,0.98,1.06
"AL",2002,1,7,"MYSIS",5,0,0,0,0,0,0
"BM",2002,1,18,"CHAOBORUS LARVAE",5,123.6,64.24,157.37,81.79,8.74,4.54
"BM",2002,1,18,"CHAOBORUS PUPAE",5,4,3.29,5.09,4.18,0.28,0.23
"BM",2002,1,18,"LEPTODORA",5,27,15.23,34.38,19.39,1.91,1.08
"BM",2002,1,18,"MYSIS",5,0,0,0,0,0,0
"CB",2002,1,2.5,"CHAOBORUS LARVAE",5,190.8,129.33,242.93,164.67,97.17,65.87
"CB",2002,1,2.5,"CHAOBORUS PUPAE",5,42.8,15.84,54.49,20.17,21.8,8.07
"CB",2002,1,2.5,"LEPTODORA",5,0,0,0,0,0,0
"CB",2002,1,2.5,"MYSIS",5,0,0,0,0,0,0
"CR",2002,1,19.5,"CHAOBORUS LARVAE",5,0.6,0.8,0.76,1.02,0.04,0.05
"CR",2002,1,19.5,"CHAOBORUS PUPAE",5,0,0,0,0,0,0
"CR",2002,1,19.5,"LEPTODORA",5,195.8,107.58,249.3,136.98,12.78,7.02
"CR",2002,1,19.5,"MYSIS",5,0,0,0,0,0,0
"SP",2002,1,18,"CHAOBORUS LARVAE",5,0.2,0.4,0.25,0.51,0.01,0.03
"SP",2002,1,18,"CHAOBORUS PUPAE",5,0,0,0,0,0,0
"SP",2002,1,18,"LEPTODORA",5,34.8,14.13,44.31,18,2.46,1
"SP",2002,1,18,"MYSIS",5,0,0,0,0,0,0
"TB",2002,1,7,"CHAOBORUS LARVAE",5,8,5.76,10.19,7.34,1.46,1.05
"TB",2002,1,7,"CHAOBORUS PUPAE",5,0,0,0,0,0,0
"TB",2002,1,7,"LEPTODORA",5,0,0,0,0,0,0
"TB",2002,1,7,"MYSIS",5,0,0,0,0,0,0
"TR",2002,4,10,"CHAOBORUS LARVAE",3,6.67,0.94,8.49,1.2,0.85,0.12
"TR",2002,4,10,"CHAOBORUS PUPAE",3,19.67,6.02,25.04,7.66,2.5,0.77
"TR",2002,4,10,"LEPTODORA",3,110.33,25,140.48,31.83,14.05,3.18
"TR",2002,4,10,"MYSIS",3,33.33,13.57,42.44,17.28,4.24,1.73
"TR",2002,5,15,"CHAOBORUS LARVAE",3,5.67,1.89,7.22,2.4,0.48,0.16
"TR",2002,5,15,"CHAOBORUS PUPAE",3,9.33,6.94,11.88,8.84,0.79,0.59
"TR",2002,5,15,"LEPTODORA",3,129,53.35,164.25,67.92,10.95,4.53
"TR",2002,5,15,"MYSIS",3,85.33,54.24,108.65,69.06,7.24,4.6
"TR",2002,6,20,"CHAOBORUS LARVAE",3,5.33,1.7,6.79,2.16,0.34,0.11
"TR",2002,6,20,"CHAOBORUS PUPAE",3,19,6.16,24.19,7.85,1.21,0.39
"TR",2002,6,20,"LEPTODORA",3,61,13.49,77.67,17.18,3.88,0.86
"TR",2002,6,20,"MYSIS",3,88,6.38,112.05,8.12,5.6,0.41
"TR",2002,7,25,"CHAOBORUS LARVAE",3,11.67,2.05,14.85,2.62,0.59,0.1
"TR",2002,7,25,"CHAOBORUS PUPAE",3,24,10.68,30.56,13.59,1.22,0.54
"TR",2002,7,25,"LEPTODORA",3,40.33,0.94,51.35,1.2,2.05,0.05
"TR",2002,7,25,"MYSIS",3,50.67,18.87,64.51,24.03,2.58,0.96
"TR",2002,2,30,"CHAOBORUS LARVAE",1,20,0,25.46,0,0.85,0
"TR",2002,2,30,"CHAOBORUS PUPAE",1,22,0,28.01,0,0.93,0
"TR",2002,2,30,"LEPTODORA",1,92,0,117.14,0,3.9,0
"TR",2002,2,30,"MYSIS",1,0,0,0,0,0,0
"TR",2002,2,32,"CHAOBORUS LARVAE",4,23.25,4.82,29.6,6.13,0.93,0.19
"TR",2002,2,32,"CHAOBORUS PUPAE",4,17,5.2,21.65,6.62,0.68,0.21
"TR",2002,2,32,"LEPTODORA",4,72.75,27.31,92.63,34.77,2.89,1.09
"TR",2002,2,32,"MYSIS",4,1.75,0.83,2.23,1.06,0.07,0.03
"AL",2003,1,5,"CHAOBORUS LARVAE",5,473.6,341.81,603.01,435.21,120.6,87.04
"AL",2003,1,5,"CHAOBORUS PUPAE",5,15.2,10.91,19.35,13.89,3.87,2.78
"AL",2003,1,5,"LEPTODORA",5,26.8,14.05,34.12,17.89,6.82,3.58
"AL",2003,1,5,"MYSIS",5,0,0,0,0,0,0
"BM",2003,1,18,"CHAOBORUS LARVAE",5,35,33.64,44.56,42.83,2.48,2.38
"BM",2003,1,18,"CHAOBORUS PUPAE",5,30.4,21.04,38.71,26.79,2.15,1.49
"BM",2003,1,18,"LEPTODORA",5,55.2,36.61,70.28,46.62,3.9,2.59
"BM",2003,1,18,"MYSIS",5,0,0,0,0,0,0
"CB",2003,1,2.5,"CHAOBORUS LARVAE",5,289.4,79.59,368.48,101.33,147.39,40.53
"CB",2003,1,2.5,"CHAOBORUS PUPAE",5,22.8,5.56,29.03,7.08,11.61,2.83
"CB",2003,1,2.5,"LEPTODORA",5,0,0,0,0,0,0
"CB",2003,1,2.5,"MYSIS",5,0,0,0,0,0,0
"CR",2003,1,18,"CHAOBORUS LARVAE",5,1.8,1.47,2.29,1.87,0.13,0.1
"CR",2003,1,18,"CHAOBORUS PUPAE",5,0,0,0,0,0,0
"CR",2003,1,18,"LEPTODORA",5,84.2,38.96,107.21,49.61,5.96,2.76
"CR",2003,1,18,"MYSIS",5,0,0,0,0,0,0
"SP",2003,1,16,"CHAOBORUS LARVAE",5,21.8,35.4,27.76,45.08,1.73,2.82
"SP",2003,1,16,"CHAOBORUS PUPAE",5,0.6,1.2,0.76,1.53,0.05,0.1
"SP",2003,1,16,"LEPTODORA",5,53.8,19.92,68.5,25.37,4.28,1.59
"SP",2003,1,16,"MYSIS",5,0,0,0,0,0,0
"TB",2003,1,5,"CHAOBORUS LARVAE",5,37.2,10.4,47.36,13.24,9.47,2.65
"TB",2003,1,5,"CHAOBORUS PUPAE",5,0,0,0,0,0,0
"TB",2003,1,5,"LEPTODORA",5,0,0,0,0,0,0
"TB",2003,1,5,"MYSIS",5,0,0,0,0,0,0
"TR",2003,4,9,"CHAOBORUS LARVAE",3,32,12.75,40.74,16.24,4.53,1.8
"TR",2003,4,9,"CHAOBORUS PUPAE",3,8,7.87,10.19,10.03,1.13,1.11
"TR",2003,4,9,"LEPTODORA",3,89.67,43.05,114.17,54.82,12.69,6.09
"TR",2003,4,9,"MYSIS",3,0,0,0,0,0,0
"TR",2003,5,13,"CHAOBORUS LARVAE",3,76,25.57,96.77,32.56,7.44,2.5
"TR",2003,5,13,"CHAOBORUS PUPAE",3,37.67,1.25,47.96,1.59,3.69,0.12
"TR",2003,5,13,"LEPTODORA",3,7,9.9,8.91,12.6,0.69,0.97
"TR",2003,5,13,"MYSIS",3,196.33,40.08,249.98,51.03,19.23,3.93
"TR",2003,6,19,"CHAOBORUS LARVAE",3,44.67,4.92,56.87,6.27,2.99,0.33
"TR",2003,6,19,"CHAOBORUS PUPAE",3,5.33,1.25,6.79,1.59,0.36,0.08
"TR",2003,6,19,"LEPTODORA",3,43,10.61,54.75,13.51,2.88,0.71
"TR",2003,6,19,"MYSIS",3,92,20.85,117.14,26.55,6.17,1.4
"TR",2003,7,22,"CHAOBORUS LARVAE",3,57.33,8.99,73,11.45,3.32,0.52
"TR",2003,7,22,"CHAOBORUS PUPAE",3,22,12.08,28.01,15.38,1.27,0.7
"TR",2003,7,22,"LEPTODORA",3,25.67,2.49,32.68,3.18,1.49,0.14
"TR",2003,7,22,"MYSIS",3,153.33,38.58,195.23,49.12,8.87,2.23
"TR",2003,2,30,"CHAOBORUS LARVAE",5,20,7.62,25.46,9.7,0.85,0.32
"TR",2003,2,30,"CHAOBORUS PUPAE",5,9.6,3.26,12.22,4.15,0.41,0.14
"TR",2003,2,30,"LEPTODORA",5,97.6,39.18,124.27,49.89,4.14,1.66
"TR",2003,2,30,"MYSIS",5,0.2,0.4,0.25,0.51,0.01,0.02
"AL",2004,1,7,"CHAOBORUS LARVAE",5,367.2,67.59,467.53,86.05,66.79,12.29
"AL",2004,1,7,"CHAOBORUS PUPAE",5,10.4,2.42,13.24,3.08,1.89,0.44
"AL",2004,1,7,"LEPTODORA",5,72.2,38.96,91.93,49.6,13.13,7.09
"AL",2004,1,7,"MYSIS",5,0,0,0,0,0,0
"BM",2004,1,18,"CHAOBORUS LARVAE",5,16.6,4.32,21.14,5.5,1.17,0.31
"BM",2004,1,18,"CHAOBORUS PUPAE",5,39.8,8.23,50.67,10.48,2.82,0.58
"BM",2004,1,18,"LEPTODORA",5,2.4,1.36,3.06,1.73,0.17,0.1
"BM",2004,1,18,"MYSIS",5,0,0,0,0,0,0
"CB",2004,1,2,"CHAOBORUS LARVAE",5,126.4,64.68,160.94,82.35,80.47,41.18
"CB",2004,1,2,"CHAOBORUS PUPAE",5,3,2.1,3.82,2.67,1.91,1.34
"CB",2004,1,2,"LEPTODORA",5,0,0,0,0,0,0
"CB",2004,1,2,"MYSIS",5,0,0,0,0,0,0
"CR",2004,1,19,"CHAOBORUS LARVAE",5,14.2,7.11,18.08,9.05,0.95,0.48
"CR",2004,1,19,"CHAOBORUS PUPAE",5,1.2,1.17,1.53,1.48,0.08,0.08
"CR",2004,1,19,"LEPTODORA",5,317,96.83,403.62,123.28,21.24,6.49
"CR",2004,1,19,"MYSIS",5,0,0,0,0,0,0
"SP",2004,1,18,"CHAOBORUS LARVAE",5,0.6,1.2,0.76,1.53,0.04,0.08
"SP",2004,1,18,"CHAOBORUS PUPAE",5,0,0,0,0,0,0
"SP",2004,1,18,"LEPTODORA",5,9,2.45,11.46,3.12,0.64,0.17
"SP",2004,1,18,"MYSIS",5,0,0,0,0,0,0
"TB",2004,1,7,"CHAOBORUS LARVAE",5,0.4,0.8,0.51,1.02,0.07,0.15
"TB",2004,1,7,"CHAOBORUS PUPAE",5,0,0,0,0,0,0
"TB",2004,1,7,"LEPTODORA",5,0,0,0,0,0,0
"TB",2004,1,7,"MYSIS",5,0,0,0,0,0,0
"TR",2004,4,10,"CHAOBORUS LARVAE",3,49,7.48,62.39,9.53,6.24,0.95
"TR",2004,4,10,"CHAOBORUS PUPAE",3,26.67,6.34,33.95,8.08,3.4,0.81
"TR",2004,4,10,"LEPTODORA",3,176.67,44.85,224.94,57.11,22.49,5.71
"TR",2004,4,10,"MYSIS",3,3,0.82,3.82,1.04,0.38,0.1
"TR",2004,5,15,"CHAOBORUS LARVAE",3,55.67,10.34,70.88,13.16,4.73,0.88
"TR",2004,5,15,"CHAOBORUS PUPAE",3,17.33,5.19,22.07,6.6,1.47,0.44
"TR",2004,5,15,"LEPTODORA",3,115.33,37.06,146.85,47.19,9.79,3.15
"TR",2004,5,15,"MYSIS",3,86,15.25,109.5,19.42,7.3,1.29
"TR",2004,6,20,"CHAOBORUS LARVAE",3,86.33,18.01,109.92,22.93,5.5,1.15
"TR",2004,6,20,"CHAOBORUS PUPAE",3,21.33,4.78,27.16,6.09,1.36,0.3
"TR",2004,6,20,"LEPTODORA",3,145.67,20.76,185.47,26.43,9.27,1.32
"TR",2004,6,20,"MYSIS",3,122,18.83,155.34,23.98,7.77,1.2
"TR",2004,7,25,"CHAOBORUS LARVAE",3,65.33,6.02,83.19,7.66,3.33,0.31
"TR",2004,7,25,"CHAOBORUS PUPAE",3,12.33,4.03,15.7,5.13,0.63,0.21
"TR",2004,7,25,"LEPTODORA",3,111.33,6.65,141.75,8.47,5.67,0.34
"TR",2004,7,25,"MYSIS",3,175.67,3.09,223.67,3.94,8.95,0.16
"TR",2004,2,31,"CHAOBORUS LARVAE",5,170,52.46,216.45,66.8,6.98,2.15
"TR",2004,2,31,"CHAOBORUS PUPAE",5,24.6,9.05,31.32,11.52,1.01,0.37
"TR",2004,2,31,"LEPTODORA",5,97.8,41.13,124.52,52.36,4.02,1.69
"TR",2004,2,31,"MYSIS",5,0.6,0.8,0.76,1.02,0.02,0.03
"AL",2005,1,7,"CHAOBORUS LARVAE",5,567.6,261.33,722.69,332.74,103.24,47.53
"AL",2005,1,7,"CHAOBORUS PUPAE",5,16.2,7.65,20.63,9.74,2.95,1.39
"AL",2005,1,7,"LEPTODORA",5,24.2,16.08,30.81,20.47,4.4,2.92
"AL",2005,1,7,"MYSIS",5,0,0,0,0,0,0
"BM",2005,1,19,"CHAOBORUS LARVAE",5,17,8.2,21.65,10.44,1.14,0.55
"BM",2005,1,19,"CHAOBORUS PUPAE",5,8.4,2.06,10.7,2.62,0.56,0.14
"BM",2005,1,19,"LEPTODORA",5,0,0,0,0,0,0
"BM",2005,1,19,"MYSIS",5,0,0,0,0,0,0
"CB",2005,1,2,"CHAOBORUS LARVAE",5,19.6,12.44,24.96,15.83,12.48,7.92
"CB",2005,1,2,"CHAOBORUS PUPAE",5,0,0,0,0,0,0
"CB",2005,1,2,"LEPTODORA",5,8.4,8.31,10.7,10.58,5.35,5.29
"CB",2005,1,2,"MYSIS",5,0,0,0,0,0,0
"CR",2005,1,19,"CHAOBORUS LARVAE",5,17.4,14.51,22.15,18.48,1.17,0.97
"CR",2005,1,19,"CHAOBORUS PUPAE",5,4,6.54,5.09,8.33,0.27,0.44
"CR",2005,1,19,"LEPTODORA",5,201.4,74.51,256.43,94.87,13.5,4.99
"CR",2005,1,19,"MYSIS",5,0,0,0,0,0,0
"SP",2005,1,18,"CHAOBORUS LARVAE",5,0,0,0,0,0,0
"SP",2005,1,18,"CHAOBORUS PUPAE",5,0.2,0.4,0.25,0.51,0.01,0.03
"SP",2005,1,18,"LEPTODORA",5,35.4,10.87,45.07,13.84,2.5,0.77
"SP",2005,1,18,"MYSIS",5,0,0,0,0,0,0
"TB",2005,1,7,"CHAOBORUS LARVAE",5,1.2,1.94,1.53,2.47,0.22,0.35
"TB",2005,1,7,"CHAOBORUS PUPAE",5,0,0,0,0,0,0
"TB",2005,1,7,"LEPTODORA",5,0,0,0,0,0,0
"TB",2005,1,7,"MYSIS",5,0,0,0,0,0,0
"TR",2005,4,10,"CHAOBORUS LARVAE",3,8.33,2.62,10.61,3.34,1.06,0.33
"TR",2005,4,10,"CHAOBORUS PUPAE",3,3.33,1.89,4.24,2.4,0.42,0.24
"TR",2005,4,10,"LEPTODORA",3,416.67,119.39,530.52,152.01,53.05,15.2
"TR",2005,4,10,"MYSIS",3,0,0,0,0,0,0
"TR",2005,5,15,"CHAOBORUS LARVAE",3,26.67,11.73,33.95,14.93,2.26,1
"TR",2005,5,15,"CHAOBORUS PUPAE",3,20,4.9,25.46,6.24,1.7,0.42
"TR",2005,5,15,"LEPTODORA",3,150.33,31.33,191.41,39.89,12.76,2.66
"TR",2005,5,15,"MYSIS",3,93.33,45.58,118.84,58.03,7.92,3.87
"TR",2005,6,20,"CHAOBORUS LARVAE",3,9.33,1.7,11.88,2.16,0.59,0.11
"TR",2005,6,20,"CHAOBORUS PUPAE",3,25.33,3.86,32.26,4.91,1.61,0.25
"TR",2005,6,20,"LEPTODORA",3,130,8.29,165.52,10.55,8.28,0.53
"TR",2005,6,20,"MYSIS",3,115,49.4,146.42,62.9,7.32,3.15
"TR",2005,7,25,"CHAOBORUS LARVAE",3,19,4.32,24.19,5.5,0.97,0.22
"TR",2005,7,25,"CHAOBORUS PUPAE",3,24,11.43,30.56,14.55,1.22,0.58
"TR",2005,7,25,"LEPTODORA",3,130.33,25.38,165.95,32.32,6.64,1.29
"TR",2005,7,25,"MYSIS",3,155,50.46,197.35,64.25,7.89,2.57
"TR",2005,2,32,"CHAOBORUS LARVAE",5,25.6,6.09,32.59,7.75,1.02,0.24
"TR",2005,2,32,"CHAOBORUS PUPAE",5,10.6,5.75,13.5,7.32,0.42,0.23
"TR",2005,2,32,"LEPTODORA",5,94.8,35.22,120.7,44.85,3.77,1.4
"TR",2005,2,32,"MYSIS",5,0,0,0,0,0,0
"AL",2006,1,7,"CHAOBORUS LARVAE",5,748.6,179.33,953.15,228.34,136.16,32.62
"AL",2006,1,7,"CHAOBORUS PUPAE",5,25,15.31,31.83,19.49,4.55,2.78
"AL",2006,1,7,"LEPTODORA",5,22,10.81,28.01,13.76,4,1.97
"AL",2006,1,7,"MYSIS",5,0,0,0,0,0,0
"BM",2006,1,18,"CHAOBORUS LARVAE",5,304,44.88,387.06,57.14,21.5,3.17
"BM",2006,1,18,"CHAOBORUS PUPAE",5,89.4,43.51,113.83,55.4,6.32,3.08
"BM",2006,1,18,"LEPTODORA",5,153.8,42.33,195.82,53.9,10.88,2.99
"BM",2006,1,18,"MYSIS",5,0,0,0,0,0,0
"CB",2006,1,2,"CHAOBORUS LARVAE",5,159.6,30.47,203.21,38.79,101.6,19.4
"CB",2006,1,2,"CHAOBORUS PUPAE",5,2,1.26,2.55,1.61,1.27,0.81
"CB",2006,1,2,"LEPTODORA",5,0,0,0,0,0,0
"CB",2006,1,2,"MYSIS",5,0,0,0,0,0,0
"CR",2006,1,18,"CHAOBORUS LARVAE",5,0.2,0.4,0.25,0.51,0.01,0.03
"CR",2006,1,18,"CHAOBORUS PUPAE",5,0,0,0,0,0,0
"CR",2006,1,18,"LEPTODORA",5,78.2,23.8,99.57,30.31,5.53,1.68
"CR",2006,1,18,"MYSIS",5,0,0,0,0,0,0
"SP",2006,1,18,"CHAOBORUS LARVAE",5,6.8,6.27,8.66,7.99,0.48,0.44
"SP",2006,1,18,"CHAOBORUS PUPAE",5,1.8,2.23,2.29,2.84,0.13,0.16
"SP",2006,1,18,"LEPTODORA",5,13.2,5.11,16.81,6.51,0.93,0.36
"SP",2006,1,18,"MYSIS",5,0,0,0,0,0,0
"TB",2006,1,6,"CHAOBORUS LARVAE",5,1.2,1.17,1.53,1.48,0.25,0.25
"TB",2006,1,6,"CHAOBORUS PUPAE",5,0.2,0.4,0.25,0.51,0.04,0.08
"TB",2006,1,6,"LEPTODORA",5,0,0,0,0,0,0
"TB",2006,1,6,"MYSIS",5,0,0,0,0,0,0
"TR",2006,4,10,"CHAOBORUS LARVAE",3,26.67,8.96,33.95,11.4,3.4,1.14
"TR",2006,4,10,"CHAOBORUS PUPAE",3,19,8.64,24.19,11,2.42,1.1
"TR",2006,4,10,"LEPTODORA",3,230,62.03,292.85,78.98,29.28,7.9
"TR",2006,4,10,"MYSIS",3,1,1.41,1.27,1.8,0.13,0.18
"TR",2006,5,15,"CHAOBORUS LARVAE",3,1.67,1.25,2.12,1.59,0.14,0.11
"TR",2006,5,15,"CHAOBORUS PUPAE",3,5,3.74,6.37,4.76,0.42,0.32
"TR",2006,5,15,"LEPTODORA",3,743,112.38,946.02,143.08,63.07,9.54
"TR",2006,5,15,"MYSIS",3,111.67,53.8,142.18,68.51,9.48,4.57
"TR",2006,6,20,"CHAOBORUS LARVAE",3,17.33,3.68,22.07,4.69,1.1,0.23
"TR",2006,6,20,"CHAOBORUS PUPAE",3,4.33,2.05,5.52,2.62,0.28,0.13
"TR",2006,6,20,"LEPTODORA",3,119,28.58,151.52,36.39,7.58,1.82
"TR",2006,6,20,"MYSIS",3,27.33,10.66,34.8,13.57,1.74,0.68
"TR",2006,7,25,"CHAOBORUS LARVAE",3,25.67,4.5,32.68,5.73,1.31,0.23
"TR",2006,7,25,"CHAOBORUS PUPAE",3,21.33,8.5,27.16,10.82,1.09,0.43
"TR",2006,7,25,"LEPTODORA",3,225.33,7.13,286.9,9.08,11.48,0.36
"TR",2006,7,25,"MYSIS",3,10.67,2.49,13.58,3.18,0.54,0.13
"TR",2006,2,30,"CHAOBORUS LARVAE",5,16.4,1.02,20.88,1.3,0.7,0.04
"TR",2006,2,30,"CHAOBORUS PUPAE",5,27,5.93,34.38,7.55,1.15,0.25
"TR",2006,2,30,"LEPTODORA",5,215.6,46.45,274.51,59.14,9.15,1.97
"TR",2006,2,30,"MYSIS",5,0,0,0,0,0,0
"AL",2007,1,7,"CHAOBORUS LARVAE",5,362.2,54.86,461.17,69.85,65.88,9.98
"AL",2007,1,7,"CHAOBORUS PUPAE",5,22.6,5,28.78,6.37,4.11,0.91
"AL",2007,1,7,"LEPTODORA",5,68.2,28.32,86.83,36.06,12.4,5.15
"AL",2007,1,7,"MYSIS",5,0,0,0,0,0,0
"BM",2007,1,18,"CHAOBORUS LARVAE",5,109.2,13.06,139.04,16.63,7.72,0.92
"BM",2007,1,18,"CHAOBORUS PUPAE",5,173.4,24.08,220.78,30.66,12.27,1.7
"BM",2007,1,18,"LEPTODORA",5,64.4,13.48,82,17.17,4.56,0.95
"BM",2007,1,18,"MYSIS",5,0,0,0,0,0,0
"CB",2007,1,2,"CHAOBORUS LARVAE",5,35.2,17.14,44.82,21.82,22.41,10.91
"CB",2007,1,2,"CHAOBORUS PUPAE",5,3,2.76,3.82,3.51,1.91,1.76
"CB",2007,1,2,"LEPTODORA",5,0,0,0,0,0,0
"CB",2007,1,2,"MYSIS",5,0,0,0,0,0,0
"CR",2007,1,19,"CHAOBORUS LARVAE",5,0.6,1.2,0.76,1.53,0.04,0.08
"CR",2007,1,19,"CHAOBORUS PUPAE",5,0,0,0,0,0,0
"CR",2007,1,19,"LEPTODORA",5,634.6,133.76,808,170.3,42.53,8.96
"CR",2007,1,19,"MYSIS",5,0,0,0,0,0,0
"SP",2007,1,18,"CHAOBORUS LARVAE",5,6.2,7.55,7.89,9.61,0.44,0.53
"SP",2007,1,18,"CHAOBORUS PUPAE",5,1.2,0.98,1.53,1.25,0.08,0.07
"SP",2007,1,18,"LEPTODORA",5,79.2,10.63,100.84,13.53,5.6,0.75
"SP",2007,1,18,"MYSIS",5,0,0,0,0,0,0
"TB",2007,1,7,"CHAOBORUS LARVAE",5,0,0,0,0,0,0
"TB",2007,1,7,"CHAOBORUS PUPAE",5,0,0,0,0,0,0
"TB",2007,1,7,"LEPTODORA",5,0,0,0,0,0,0
"TB",2007,1,7,"MYSIS",5,0,0,0,0,0,0
"TR",2007,4,10,"CHAOBORUS LARVAE",3,43,8.6,54.75,10.95,5.47,1.1
"TR",2007,4,10,"CHAOBORUS PUPAE",3,15.33,4.5,19.52,5.73,1.95,0.57
"TR",2007,4,10,"LEPTODORA",3,190.67,49.28,242.76,62.74,24.28,6.27
"TR",2007,4,10,"MYSIS",3,0.33,0.47,0.42,0.6,0.04,0.06
"TR",2007,5,15,"CHAOBORUS LARVAE",3,38.67,3.86,49.23,4.91,3.28,0.33
"TR",2007,5,15,"CHAOBORUS PUPAE",3,36.33,6.65,46.26,8.47,3.08,0.56
"TR",2007,5,15,"LEPTODORA",3,135,38.19,171.89,48.63,11.46,3.24
"TR",2007,5,15,"MYSIS",3,177.67,46.91,226.21,59.72,15.08,3.98
"TR",2007,6,20,"CHAOBORUS LARVAE",3,39,3.27,49.66,4.16,2.48,0.21
"TR",2007,6,20,"CHAOBORUS PUPAE",3,26,1.63,33.1,2.08,1.66,0.1
"TR",2007,6,20,"LEPTODORA",3,180,13.59,229.18,17.3,11.46,0.87
"TR",2007,6,20,"MYSIS",3,160.67,20.85,204.57,26.55,10.23,1.33
"TR",2007,7,25,"CHAOBORUS LARVAE",3,20.33,2.36,25.89,3,1.04,0.12
"TR",2007,7,25,"CHAOBORUS PUPAE",3,19,3.56,24.19,4.53,0.97,0.18
"TR",2007,7,25,"LEPTODORA",3,108.67,18.73,138.36,23.85,5.53,0.95
"TR",2007,7,25,"MYSIS",3,102.33,18.57,130.29,23.65,5.21,0.95
"TR",2007,2,32,"CHAOBORUS LARVAE",5,99.8,16.65,127.07,21.2,3.97,0.66
"TR",2007,2,32,"CHAOBORUS PUPAE",5,34.2,5.71,43.54,7.27,1.36,0.23
"TR",2007,2,32,"LEPTODORA",5,80.8,11.7,102.88,14.9,3.21,0.47
"TR",2007,2,32,"MYSIS",5,0,0,0,0,0,0
"AL",2008,1,7,"CHAOBORUS LARVAE",5,1063.4,318,1353.96,404.89,193.42,57.84
"AL",2008,1,7,"CHAOBORUS PUPAE",5,35.6,50.87,45.33,64.77,6.48,9.25
"AL",2008,1,7,"LEPTODORA",5,23.8,8.93,30.3,11.37,4.33,1.62
"AL",2008,1,7,"MYSIS",5,0,0,0,0,0,0
"BM",2008,1,19,"CHAOBORUS LARVAE",5,123.2,49.4,156.86,62.9,8.26,3.31
"BM",2008,1,19,"CHAOBORUS PUPAE",5,51.2,12.06,65.19,15.35,3.43,0.81
"BM",2008,1,19,"LEPTODORA",5,41.2,20.47,52.46,26.06,2.76,1.37
"BM",2008,1,19,"MYSIS",5,0,0,0,0,0,0
"CB",2008,1,2,"CHAOBORUS LARVAE",5,91.2,33.75,116.12,42.98,58.06,21.49
"CB",2008,1,2,"CHAOBORUS PUPAE",5,0.8,0.4,1.02,0.51,0.51,0.25
"CB",2008,1,2,"LEPTODORA",5,0,0,0,0,0,0
"CB",2008,1,2,"MYSIS",5,0,0,0,0,0,0
"CR",2008,1,19,"CHAOBORUS LARVAE",5,1.6,1.36,2.04,1.73,0.11,0.09
"CR",2008,1,19,"CHAOBORUS PUPAE",5,0,0,0,0,0,0
"CR",2008,1,19,"LEPTODORA",5,158.8,104.79,202.19,133.42,10.64,7.02
"CR",2008,1,19,"MYSIS",5,0,0,0,0,0,0
"SP",2008,1,18,"CHAOBORUS LARVAE",5,25.6,21.59,32.59,27.49,1.81,1.53
"SP",2008,1,18,"CHAOBORUS PUPAE",5,4,6.03,5.09,7.68,0.28,0.43
"SP",2008,1,18,"LEPTODORA",5,58.2,25.75,74.1,32.78,4.12,1.82
"SP",2008,1,18,"MYSIS",5,0,0,0,0,0,0
"TB",2008,1,7,"CHAOBORUS LARVAE",5,0,0,0,0,0,0
"TB",2008,1,7,"CHAOBORUS PUPAE",5,0,0,0,0,0,0
"TB",2008,1,7,"LEPTODORA",5,0,0,0,0,0,0
"TB",2008,1,7,"MYSIS",5,0,0,0,0,0,0
"TR",2008,4,10,"CHAOBORUS LARVAE",3,80.33,12.04,102.28,15.33,10.23,1.53
"TR",2008,4,10,"CHAOBORUS PUPAE",3,19,5.89,24.19,7.5,2.42,0.75
"TR",2008,4,10,"LEPTODORA",3,103.67,45.64,131.99,58.11,13.2,5.81
"TR",2008,4,10,"MYSIS",3,0,0,0,0,0,0
"TR",2008,5,15,"CHAOBORUS LARVAE",3,66.67,22.88,84.88,29.13,5.66,1.94
"TR",2008,5,15,"CHAOBORUS PUPAE",3,24.67,11.73,31.41,14.93,2.09,1
"TR",2008,5,15,"LEPTODORA",3,140.33,42.52,178.68,54.14,11.91,3.61
"TR",2008,5,15,"MYSIS",3,54.33,2.05,69.18,2.62,4.61,0.17
"TR",2008,6,20,"CHAOBORUS LARVAE",3,86.67,25.75,110.35,32.78,5.52,1.64
"TR",2008,6,20,"CHAOBORUS PUPAE",3,13.67,4.78,17.4,6.09,0.87,0.3
"TR",2008,6,20,"LEPTODORA",3,127.67,25.22,162.55,32.12,8.13,1.61
"TR",2008,6,20,"MYSIS",3,80.67,4.19,102.71,5.33,5.14,0.27
"TR",2008,7,25,"CHAOBORUS LARVAE",3,58.67,6.94,74.7,8.84,2.99,0.35
"TR",2008,7,25,"CHAOBORUS PUPAE",3,51,13.74,64.94,17.49,2.6,0.7
"TR",2008,7,25,"LEPTODORA",3,119.33,28.66,151.94,36.49,6.08,1.46
"TR",2008,7,25,"MYSIS",3,65.67,4.92,83.61,6.27,3.34,0.25
"TR",2008,2,32,"CHAOBORUS LARVAE",5,85,18.02,108.23,22.95,3.38,0.72
"TR",2008,2,32,"CHAOBORUS PUPAE",5,34.6,16.79,44.05,21.38,1.38,0.67
"TR",2008,2,32,"LEPTODORA",5,88.6,5.2,112.81,6.62,3.53,0.21
"TR",2008,2,32,"MYSIS",5,34.2,27.09,43.54,34.49,1.36,1.08
"AL",2009,1,6,"CHAOBORUS LARVAE",5,1353.2,275.44,1722.95,350.7,287.16,58.45
"AL",2009,1,6,"CHAOBORUS PUPAE",5,2.8,1.17,3.57,1.48,0.59,0.25
"AL",2009,1,6,"LEPTODORA",5,68.4,26.42,87.09,33.64,14.51,5.61
"AL",2009,1,6,"MYSIS",5,0,0,0,0,0,0
"BM",2009,1,17,"CHAOBORUS LARVAE",5,192,56.84,244.46,72.38,14.38,4.26
"BM",2009,1,17,"CHAOBORUS PUPAE",5,24.4,7.28,31.07,9.27,1.83,0.55
"BM",2009,1,17,"LEPTODORA",5,0.6,0.8,0.76,1.02,0.04,0.06
"BM",2009,1,17,"MYSIS",5,0,0,0,0,0,0
"CB",2009,1,2,"CHAOBORUS LARVAE",5,24,6.23,30.56,7.93,15.28,3.97
"CB",2009,1,2,"CHAOBORUS PUPAE",5,8.8,4.53,11.2,5.77,5.6,2.89
"CB",2009,1,2,"LEPTODORA",5,11.2,11.6,14.26,14.77,7.13,7.38
"CB",2009,1,2,"MYSIS",5,0,0,0,0,0,0
"CR",2009,1,17,"CHAOBORUS LARVAE",5,0.2,0.4,0.25,0.51,0.01,0.03
"CR",2009,1,17,"CHAOBORUS PUPAE",5,0,0,0,0,0,0
"CR",2009,1,17,"LEPTODORA",5,45.8,23.74,58.31,30.22,3.43,1.78
"CR",2009,1,17,"MYSIS",5,0,0,0,0,0,0
"SP",2009,1,16,"CHAOBORUS LARVAE",5,1.4,0.49,1.78,0.62,0.11,0.04
"SP",2009,1,16,"CHAOBORUS PUPAE",5,0,0,0,0,0,0
"SP",2009,1,16,"LEPTODORA",5,23.2,8.06,29.54,10.26,1.85,0.64
"SP",2009,1,16,"MYSIS",5,0,0,0,0,0,0
"TB",2009,1,6,"CHAOBORUS LARVAE",5,1,1.1,1.27,1.39,0.21,0.23
"TB",2009,1,6,"CHAOBORUS PUPAE",5,0.8,1.17,1.02,1.48,0.17,0.25
"TB",2009,1,6,"LEPTODORA",5,0,0,0,0,0,0
"TB",2009,1,6,"MYSIS",5,0,0,0,0,0,0
"TR",2009,4,10,"CHAOBORUS LARVAE",3,49,17.38,62.39,22.13,6.24,2.21
"TR",2009,4,10,"CHAOBORUS PUPAE",3,77,73.56,98.04,93.66,9.8,9.37
"TR",2009,4,10,"LEPTODORA",3,500.67,92.31,637.47,117.54,63.75,11.75
"TR",2009,4,10,"MYSIS",3,6.33,8.96,8.06,11.4,0.81,1.14
"TR",2009,5,15,"CHAOBORUS LARVAE",3,56,6.98,71.3,8.88,4.75,0.59
"TR",2009,5,15,"CHAOBORUS PUPAE",3,50.33,21.04,64.09,26.8,4.27,1.79
"TR",2009,5,15,"LEPTODORA",3,471.33,59.56,600.12,75.84,40.01,5.06
"TR",2009,5,15,"MYSIS",3,16.67,15.33,21.22,19.51,1.41,1.3
"TR",2009,6,20,"CHAOBORUS LARVAE",3,43.33,22.48,55.17,28.63,2.76,1.43
"TR",2009,6,20,"CHAOBORUS PUPAE",3,47.33,7.59,60.27,9.66,3.01,0.48
"TR",2009,6,20,"LEPTODORA",3,451.33,78.27,574.66,99.66,28.73,4.98
"TR",2009,6,20,"MYSIS",3,165.67,33.21,210.93,42.28,10.55,2.11
"TR",2009,7,25,"CHAOBORUS LARVAE",3,30,10.61,38.2,13.51,1.53,0.54
"TR",2009,7,25,"CHAOBORUS PUPAE",3,11.33,2.36,14.43,3,0.58,0.12
"TR",2009,7,25,"LEPTODORA",3,237,43.3,301.76,55.13,12.07,2.21
"TR",2009,7,25,"MYSIS",3,72.67,6.94,92.52,8.84,3.7,0.35
"TR",2009,2,32,"CHAOBORUS LARVAE",5,55,14.1,70.03,17.95,2.19,0.56
"TR",2009,2,32,"CHAOBORUS PUPAE",5,43,28.12,54.75,35.8,1.71,1.12
"TR",2009,2,32,"LEPTODORA",5,113.6,51.16,144.64,65.15,4.52,2.04
"TR",2009,2,32,"MYSIS",5,0,0,0,0,0,0
"AL",2010,1,6,"CHAOBORUS LARVAE",5,1269.8,81.51,1616.76,103.79,269.46,17.3
"AL",2010,1,6,"CHAOBORUS PUPAE",5,25.2,8.16,32.09,10.39,5.35,1.73
"AL",2010,1,6,"LEPTODORA",5,54.6,16.4,69.52,20.88,11.59,3.48
"AL",2010,1,6,"MYSIS",5,0,0,0,0,0,0
"BM",2010,1,18,"CHAOBORUS LARVAE",5,164,40.11,208.81,51.08,11.6,2.84
"BM",2010,1,18,"CHAOBORUS PUPAE",5,29.8,12.35,37.94,15.73,2.11,0.87
"BM",2010,1,18,"LEPTODORA",5,20.2,5.38,25.72,6.85,1.43,0.38
"BM",2010,1,18,"MYSIS",5,0,0,0,0,0,0
"CB",2010,1,1,"CHAOBORUS LARVAE",5,37,22.67,47.11,28.87,47.11,28.87
"CB",2010,1,1,"CHAOBORUS PUPAE",5,0.8,0.75,1.02,0.95,1.02,0.95
"CB",2010,1,1,"LEPTODORA",5,0,0,0,0,0,0
"CB",2010,1,1,"MYSIS",5,0,0,0,0,0,0
"CR",2010,1,18,"CHAOBORUS LARVAE",5,0.2,0.4,0.25,0.51,0.01,0.03
"CR",2010,1,18,"CHAOBORUS PUPAE",5,0,0,0,0,0,0
"CR",2010,1,18,"LEPTODORA",5,169.6,9.39,215.94,11.96,12,0.66
"CR",2010,1,18,"MYSIS",5,0,0,0,0,0,0
"SP",2010,1,17,"CHAOBORUS LARVAE",5,0.2,0.4,0.25,0.51,0.01,0.03
"SP",2010,1,17,"CHAOBORUS PUPAE",5,0,0,0,0,0,0
"SP",2010,1,17,"LEPTODORA",5,31.6,10.93,40.23,13.92,2.37,0.82
"SP",2010,1,17,"MYSIS",5,0,0,0,0,0,0
"TB",2010,1,6,"CHAOBORUS LARVAE",5,0,0,0,0,0,0
"TB",2010,1,6,"CHAOBORUS PUPAE",5,0,0,0,0,0,0
"TB",2010,1,6,"LEPTODORA",5,0,0,0,0,0,0
"TB",2010,1,6,"MYSIS",5,0,0,0,0,0,0
"TR",2010,4,10,"CHAOBORUS LARVAE",3,0.67,0.47,0.85,0.6,0.08,0.06
"TR",2010,4,10,"CHAOBORUS PUPAE",3,0.33,0.47,0.42,0.6,0.04,0.06
"TR",2010,4,10,"LEPTODORA",3,227,30.47,289.03,38.8,28.9,3.88
"TR",2010,4,10,"MYSIS",3,59.33,17.44,75.55,22.21,7.55,2.22
"TR",2010,5,15,"CHAOBORUS LARVAE",3,2.33,1.25,2.97,1.59,0.2,0.11
"TR",2010,5,15,"CHAOBORUS PUPAE",3,2.33,1.25,2.97,1.59,0.2,0.11
"TR",2010,5,15,"LEPTODORA",3,246,46.4,313.22,59.07,20.88,3.94
"TR",2010,5,15,"MYSIS",3,311.33,42.35,396.4,53.92,26.43,3.59
"TR",2010,6,20,"CHAOBORUS LARVAE",3,9,3.74,11.46,4.76,0.57,0.24
"TR",2010,6,20,"CHAOBORUS PUPAE",3,2.67,1.25,3.4,1.59,0.17,0.08
"TR",2010,6,20,"LEPTODORA",3,253.67,94.15,322.98,119.88,16.15,5.99
"TR",2010,6,20,"MYSIS",3,372,41.3,473.65,52.59,23.68,2.63
"TR",2010,7,25,"CHAOBORUS LARVAE",3,17,3.27,21.65,4.16,0.87,0.17
"TR",2010,7,25,"CHAOBORUS PUPAE",3,4.33,2.49,5.52,3.18,0.22,0.13
"TR",2010,7,25,"LEPTODORA",3,184.67,39.51,235.12,50.3,9.4,2.01
"TR",2010,7,25,"MYSIS",3,108.33,4.5,137.93,5.73,5.52,0.23
"TR",2010,2,32,"CHAOBORUS LARVAE",5,227.8,78.89,290.04,100.44,9.06,3.14
"TR",2010,2,32,"CHAOBORUS PUPAE",5,30.4,5.54,38.71,7.05,1.21,0.22
"TR",2010,2,32,"LEPTODORA",5,191.4,84.27,243.7,107.29,7.62,3.35
"TR",2010,2,32,"MYSIS",5,0,0,0,0,0,0
"AL",2011,1,5,"CHAOBORUS LARVAE",5,3299,858.33,4200.42,1092.85,840.08,218.57
"AL",2011,1,5,"CHAOBORUS PUPAE",5,754.2,186.21,960.28,237.09,192.06,47.42
"AL",2011,1,5,"LEPTODORA",5,0,0,0,0,0,0
"AL",2011,1,5,"MYSIS",5,0,0,0,0,0,0
"BM",2011,1,17,"CHAOBORUS LARVAE",5,47.2,14.08,60.1,17.92,3.54,1.05
"BM",2011,1,17,"CHAOBORUS PUPAE",5,21.6,5.82,27.5,7.41,1.62,0.44
"BM",2011,1,17,"LEPTODORA",5,192.6,57.05,245.23,72.64,14.43,4.27
"BM",2011,1,17,"MYSIS",5,0,0,0,0,0,0
"CB",2011,1,1,"CHAOBORUS LARVAE",5,115.6,81.4,147.19,103.64,147.19,103.64
"CB",2011,1,1,"CHAOBORUS PUPAE",5,0.4,0.8,0.51,1.02,0.51,1.02
"CB",2011,1,1,"LEPTODORA",5,0,0,0,0,0,0
"CB",2011,1,1,"MYSIS",5,0,0,0,0,0,0
"CR",2011,1,18,"CHAOBORUS LARVAE",3,10,7.12,12.73,9.06,0.71,0.5
"CR",2011,1,18,"CHAOBORUS PUPAE",3,0.33,0.47,0.42,0.6,0.02,0.03
"CR",2011,1,18,"LEPTODORA",5,476,54.67,606.06,69.61,33.67,3.87
"CR",2011,1,18,"MYSIS",5,0,0,0,0,0,0
"SP",2011,1,16,"CHAOBORUS LARVAE",5,1.4,1.02,1.78,1.3,0.11,0.08
"SP",2011,1,16,"CHAOBORUS PUPAE",5,0.2,0.4,0.25,0.51,0.02,0.03
"SP",2011,1,16,"LEPTODORA",5,65.6,22.46,83.52,28.6,5.22,1.79
"SP",2011,1,16,"MYSIS",5,0,0,0,0,0,0
"TB",2011,1,6.5,"CHAOBORUS LARVAE",5,0.8,0.4,1.02,0.51,0.16,0.08
"TB",2011,1,6.5,"CHAOBORUS PUPAE",5,0,0,0,0,0,0
"TB",2011,1,6.5,"LEPTODORA",5,0,0,0,0,0,0
"TB",2011,1,6.5,"MYSIS",5,0,0,0,0,0,0
"TR",2011,4,10,"CHAOBORUS LARVAE",3,36,9.42,45.84,11.99,4.58,1.2
"TR",2011,4,10,"CHAOBORUS PUPAE",3,38.67,4.5,49.23,5.73,4.92,0.57
"TR",2011,4,10,"LEPTODORA",3,150.33,10.21,191.41,13,19.14,1.3
"TR",2011,4,10,"MYSIS",3,0.67,0.47,0.85,0.6,0.08,0.06
"TR",2011,5,15,"CHAOBORUS LARVAE",3,95,7.48,120.96,9.53,8.06,0.64
"TR",2011,5,15,"CHAOBORUS PUPAE",3,41,5.72,52.2,7.28,3.48,0.49
"TR",2011,5,15,"LEPTODORA",3,151.33,19.6,192.68,24.96,12.85,1.66
"TR",2011,5,15,"MYSIS",3,49.33,11.44,62.81,14.57,4.19,0.97
"TR",2011,6,20,"CHAOBORUS LARVAE",3,120.67,11.95,153.64,15.22,7.68,0.76
"TR",2011,6,20,"CHAOBORUS PUPAE",3,68.67,17.25,87.43,21.96,4.37,1.1
"TR",2011,6,20,"LEPTODORA",3,125.67,7.36,160,9.38,8,0.47
"TR",2011,6,20,"MYSIS",3,117.67,31.67,149.82,40.32,7.49,2.02
"TR",2011,7,25,"CHAOBORUS LARVAE",3,140,12.83,178.25,16.34,7.13,0.65
"TR",2011,7,25,"CHAOBORUS PUPAE",3,96,9.27,122.23,11.81,4.89,0.47
"TR",2011,7,25,"LEPTODORA",3,114.67,6.18,146,7.87,5.84,0.31
"TR",2011,7,25,"MYSIS",3,161.33,27.44,205.42,34.94,8.22,1.4
"TR",2011,2,32,"CHAOBORUS LARVAE",5,152.8,32.29,194.55,41.11,6.08,1.28
"TR",2011,2,32,"CHAOBORUS PUPAE",5,236.6,39.67,301.25,50.51,9.41,1.58
"TR",2011,2,32,"LEPTODORA",5,267.4,73.75,340.46,93.9,10.64,2.93
"TR",2011,2,32,"MYSIS",5,85.6,20.46,108.99,26.05,3.41,0.81
"AL",2012,1,6,"CHAOBORUS LARVAE",5,1723.6,465.41,2194.56,592.58,365.76,98.76
"AL",2012,1,6,"CHAOBORUS PUPAE",5,44.6,18.32,56.79,23.32,9.46,3.89
"AL",2012,1,6,"LEPTODORA",5,2.8,1.83,3.57,2.33,0.59,0.39
"AL",2012,1,6,"MYSIS",5,0,0,0,0,0,0
"BM",2012,1,17,"CHAOBORUS LARVAE",5,397.2,56.17,505.73,71.52,29.75,4.21
"BM",2012,1,17,"CHAOBORUS PUPAE",5,10.6,4.8,13.5,6.11,0.79,0.36
"BM",2012,1,17,"LEPTODORA",5,49.4,12.13,62.9,15.44,3.7,0.91
"BM",2012,1,17,"MYSIS",5,0,0,0,0,0,0
"CB",2012,1,1.75,"CHAOBORUS LARVAE",5,1590.6,793.06,2025.22,1009.75,1157.27,577
"CB",2012,1,1.75,"CHAOBORUS PUPAE",5,13.8,7.25,17.57,9.23,10.04,5.27
"CB",2012,1,1.75,"LEPTODORA",5,0,0,0,0,0,0
"CB",2012,1,1.75,"MYSIS",5,0,0,0,0,0,0
"CR",2012,1,17,"CHAOBORUS LARVAE",5,3.6,1.85,4.58,2.36,0.27,0.14
"CR",2012,1,17,"CHAOBORUS PUPAE",5,0.2,0.4,0.25,0.51,0.01,0.03
"CR",2012,1,17,"LEPTODORA",5,1851.8,381.12,2357.79,485.26,138.69,28.54
"CR",2012,1,17,"MYSIS",5,0,0,0,0,0,0
"SP",2012,1,17,"CHAOBORUS LARVAE",5,3,3.79,3.82,4.83,0.22,0.28
"SP",2012,1,17,"CHAOBORUS PUPAE",5,1.6,1.2,2.04,1.53,0.12,0.09
"SP",2012,1,17,"LEPTODORA",5,26.4,9.6,33.61,12.23,1.98,0.72
"SP",2012,1,17,"MYSIS",5,0,0,0,0,0,0
"TB",2012,1,6,"CHAOBORUS LARVAE",5,0,0,0,0,0,0
"TB",2012,1,6,"CHAOBORUS PUPAE",5,0,0,0,0,0,0
"TB",2012,1,6,"LEPTODORA",5,0,0,0,0,0,0
"TB",2012,1,6,"MYSIS",5,0,0,0,0,0,0
"TR",2012,4,10,"CHAOBORUS LARVAE",3,5.67,3.68,7.22,4.69,0.72,0.47
"TR",2012,4,10,"CHAOBORUS PUPAE",3,2.33,1.7,2.97,2.16,0.3,0.22
"TR",2012,4,10,"LEPTODORA",3,562.33,123.48,715.99,157.21,71.6,15.72
"TR",2012,4,10,"MYSIS",3,0,0,0,0,0,0
"TR",2012,5,15,"CHAOBORUS LARVAE",3,16.67,3.4,21.22,4.33,1.41,0.29
"TR",2012,5,15,"CHAOBORUS PUPAE",3,3,1.63,3.82,2.08,0.25,0.14
"TR",2012,5,15,"LEPTODORA",3,634,108.89,807.23,138.65,53.82,9.24
"TR",2012,5,15,"MYSIS",3,71.33,32.31,90.82,41.14,6.05,2.74
"TR",2012,6,20,"CHAOBORUS LARVAE",3,68.33,8.73,87,11.12,4.35,0.56
"TR",2012,6,20,"CHAOBORUS PUPAE",3,14.33,3.3,18.25,4.2,0.91,0.21
"TR",2012,6,20,"LEPTODORA",3,410,23.28,522.03,29.64,26.1,1.48
"TR",2012,6,20,"MYSIS",3,141,28.47,179.53,36.25,8.98,1.81
"TR",2012,7,25,"CHAOBORUS LARVAE",3,171,54.26,217.72,69.09,8.71,2.76
"TR",2012,7,25,"CHAOBORUS PUPAE",3,33.67,6.13,42.87,7.8,1.71,0.31
"TR",2012,7,25,"LEPTODORA",3,393.33,34.59,500.81,44.04,20.03,1.76
"TR",2012,7,25,"MYSIS",3,112.67,15.69,143.45,19.98,5.74,0.8
"TR",2012,2,32,"CHAOBORUS LARVAE",5,151.2,88.18,192.51,112.27,6.02,3.51
"TR",2012,2,32,"CHAOBORUS PUPAE",5,71.2,14.19,90.65,18.07,2.83,0.56
"TR",2012,2,32,"LEPTODORA",5,385.8,34.9,491.22,44.44,15.35,1.39
"TR",2012,2,32,"MYSIS",5,0.2,0.4,0.25,0.51,0.01,0.02
"AL",2013,1,6.5,"CHAOBORUS LARVAE",5,634.4,212.96,807.74,271.15,124.27,41.71
"AL",2013,1,6.5,"CHAOBORUS PUPAE",5,69.4,27.87,88.36,35.48,13.59,5.46
"AL",2013,1,6.5,"LEPTODORA",5,4.8,2.99,6.11,3.81,0.94,0.59
"AL",2013,1,6.5,"MYSIS",5,0,0,0,0,0,0
"BM",2013,1,18.5,"CHAOBORUS LARVAE",5,94.2,16.13,119.94,20.54,6.48,1.11
"BM",2013,1,18.5,"CHAOBORUS PUPAE",5,44.8,18.43,57.04,23.47,3.08,1.27
"BM",2013,1,18.5,"LEPTODORA",5,1.2,2.4,1.53,3.06,0.08,0.17
"BM",2013,1,18.5,"MYSIS",5,0,0,0,0,0,0
"CB",2013,1,1.75,"CHAOBORUS LARVAE",5,422.2,150.79,537.56,191.99,307.18,109.71
"CB",2013,1,1.75,"CHAOBORUS PUPAE",5,312.6,98.52,398.01,125.44,227.44,71.68
"CB",2013,1,1.75,"LEPTODORA",5,0,0,0,0,0,0
"CB",2013,1,1.75,"MYSIS",5,0,0,0,0,0,0
"CR",2013,1,17,"CHAOBORUS LARVAE",5,8,4.82,10.19,6.13,0.6,0.36
"CR",2013,1,17,"CHAOBORUS PUPAE",5,2.6,1.85,3.31,2.36,0.19,0.14
"CR",2013,1,17,"LEPTODORA",5,222.6,74.22,283.42,94.5,16.67,5.56
"CR",2013,1,17,"MYSIS",5,0,0,0,0,0,0
"SP",2013,1,17,"CHAOBORUS LARVAE",5,2,1.26,2.55,1.61,0.15,0.09
"SP",2013,1,17,"CHAOBORUS PUPAE",5,1.6,1.02,2.04,1.3,0.12,0.08
"SP",2013,1,17,"LEPTODORA",5,9.6,2.58,12.22,3.28,0.72,0.19
"SP",2013,1,17,"MYSIS",5,0,0,0,0,0,0
"TB",2013,1,6.5,"CHAOBORUS LARVAE",5,0,0,0,0,0,0
"TB",2013,1,6.5,"CHAOBORUS PUPAE",5,0,0,0,0,0,0
"TB",2013,1,6.5,"LEPTODORA",5,0,0,0,0,0,0
"TB",2013,1,6.5,"MYSIS",5,0,0,0,0,0,0
"TR",2013,4,10,"CHAOBORUS LARVAE",3,4,0.82,5.09,1.04,0.51,0.1
"TR",2013,4,10,"CHAOBORUS PUPAE",3,1.33,0.94,1.7,1.2,0.17,0.12
"TR",2013,4,10,"LEPTODORA",3,106.67,14.61,135.81,18.61,13.58,1.86
"TR",2013,4,10,"MYSIS",3,19,2.16,24.19,2.75,2.42,0.28
"TR",2013,5,15,"CHAOBORUS LARVAE",3,7.67,2.49,9.76,3.18,0.65,0.21
"TR",2013,5,15,"CHAOBORUS PUPAE",3,6.67,4.92,8.49,6.27,0.57,0.42
"TR",2013,5,15,"LEPTODORA",3,221.33,87.55,281.81,111.47,18.79,7.43
"TR",2013,5,15,"MYSIS",3,148,62.39,188.44,79.44,12.56,5.3
"TR",2013,6,20,"CHAOBORUS LARVAE",3,8,3.56,10.19,4.53,0.51,0.23
"TR",2013,6,20,"CHAOBORUS PUPAE",3,3,0.82,3.82,1.04,0.19,0.05
"TR",2013,6,20,"LEPTODORA",3,222.33,39.08,283.08,49.75,14.15,2.49
"TR",2013,6,20,"MYSIS",3,92.33,32.5,117.56,41.38,5.88,2.07
"TR",2013,7,25,"CHAOBORUS LARVAE",3,13.67,2.62,17.4,3.34,0.7,0.13
"TR",2013,7,25,"CHAOBORUS PUPAE",3,5,0.82,6.37,1.04,0.25,0.04
"TR",2013,7,25,"LEPTODORA",3,186,40.11,236.82,51.07,9.47,2.04
"TR",2013,7,25,"MYSIS",3,37,10.03,47.11,12.77,1.88,0.51
"TR",2013,2,32,"CHAOBORUS LARVAE",5,17.4,2.58,22.15,3.28,0.69,0.1
"TR",2013,2,32,"CHAOBORUS PUPAE",5,4.8,5.56,6.11,7.08,0.19,0.22
"TR",2013,2,32,"LEPTODORA",5,74.6,16.4,94.98,20.88,2.97,0.65
"TR",2013,2,32,"MYSIS",5,0.2,0.4,0.25,0.51,0.01,0.02
"AL",2014,1,7,"CHAOBORUS LARVAE",4,940.75,201.6,1197.8,256.68,171.11,36.67
"AL",2014,1,7,"CHAOBORUS PUPAE",4,32.5,6.02,41.38,7.67,5.91,1.1
"AL",2014,1,7,"LEPTODORA",4,3.25,0.43,4.14,0.55,0.59,0.08
"AL",2014,1,7,"MYSIS",4,0,0,0,0,0,0
"BM",2014,1,19,"CHAOBORUS LARVAE",5,98.2,16.07,125.03,20.46,6.58,1.08
"BM",2014,1,19,"CHAOBORUS PUPAE",5,1.4,1.02,1.78,1.3,0.09,0.07
"BM",2014,1,19,"LEPTODORA",5,12.6,4.41,16.04,5.61,0.84,0.3
"BM",2014,1,19,"MYSIS",5,0,0,0,0,0,0
"CB",2014,1,2,"CHAOBORUS LARVAE",5,82.8,48.26,105.42,61.44,52.71,30.72
"CB",2014,1,2,"CHAOBORUS PUPAE",5,38.8,21.78,49.4,27.73,24.7,13.86
"CB",2014,1,2,"LEPTODORA",5,0,0,0,0,0,0
"CB",2014,1,2,"MYSIS",5,0,0,0,0,0,0
"CR",2014,1,19,"CHAOBORUS LARVAE",5,5.4,2.24,6.88,2.86,0.36,0.15
"CR",2014,1,19,"CHAOBORUS PUPAE",5,0.2,0.4,0.25,0.51,0.01,0.03
"CR",2014,1,19,"LEPTODORA",5,542.8,177.93,691.11,226.55,36.37,11.92
"CR",2014,1,19,"MYSIS",5,0,0,0,0,0,0
"SP",2014,1,18,"CHAOBORUS LARVAE",5,0,0,0,0,0,0
"SP",2014,1,18,"CHAOBORUS PUPAE",5,0,0,0,0,0,0
"SP",2014,1,18,"LEPTODORA",5,14.6,7.31,18.59,9.31,1.03,0.52
"SP",2014,1,18,"MYSIS",5,0,0,0,0,0,0
"TB",2014,1,7,"CHAOBORUS LARVAE",5,0,0,0,0,0,0
"TB",2014,1,7,"CHAOBORUS PUPAE",5,0,0,0,0,0,0
"TB",2014,1,7,"LEPTODORA",5,0,0,0,0,0,0
"TB",2014,1,7,"MYSIS",5,0,0,0,0,0,0
"TR",2014,4,10,"CHAOBORUS LARVAE",3,1,1.41,1.27,1.8,0.13,0.18
"TR",2014,4,10,"CHAOBORUS PUPAE",3,7.33,1.7,9.34,2.16,0.93,0.22
"TR",2014,4,10,"LEPTODORA",3,431.67,106.56,549.62,135.68,54.96,13.57
"TR",2014,4,10,"MYSIS",3,33.67,36.88,42.87,46.96,4.29,4.7
"TR",2014,5,15,"CHAOBORUS LARVAE",3,6.67,0.47,8.49,0.6,0.57,0.04
"TR",2014,5,15,"CHAOBORUS PUPAE",3,7,2.16,8.91,2.75,0.59,0.18
"TR",2014,5,15,"LEPTODORA",3,945,194.29,1203.21,247.38,80.21,16.49
"TR",2014,5,15,"MYSIS",3,88,57.43,112.05,73.13,7.47,4.88
"TR",2014,6,20,"CHAOBORUS LARVAE",3,6.33,0.94,8.06,1.2,0.4,0.06
"TR",2014,6,20,"CHAOBORUS PUPAE",3,9.33,0.47,11.88,0.6,0.59,0.03
"TR",2014,6,20,"LEPTODORA",3,1126,246.24,1433.67,313.52,71.68,15.68
"TR",2014,6,20,"MYSIS",3,193,47.52,245.74,60.5,12.29,3.03
"TR",2014,7,25,"CHAOBORUS LARVAE",3,9,2.94,11.46,3.75,0.46,0.15
"TR",2014,7,25,"CHAOBORUS PUPAE",3,1.67,0.47,2.12,0.6,0.08,0.02
"TR",2014,7,25,"LEPTODORA",3,717,115.67,912.91,147.28,36.52,5.89
"TR",2014,7,25,"MYSIS",3,50.67,10.66,64.51,13.57,2.58,0.54
"TR",2014,2,32,"CHAOBORUS LARVAE",5,12.6,6.41,16.04,8.16,0.5,0.25
"TR",2014,2,32,"CHAOBORUS PUPAE",5,0.8,1.17,1.02,1.48,0.03,0.05
"TR",2014,2,32,"LEPTODORA",5,751.4,191.51,956.71,243.84,29.9,7.62
"TR",2014,2,32,"MYSIS",5,2.8,2.71,3.57,3.45,0.11,0.11
"AL",2015,1,6.5,"CHAOBORUS LARVAE",5,115,12.25,146.42,15.59,22.53,2.4
"AL",2015,1,6.5,"CHAOBORUS PUPAE",5,5,3.35,6.37,4.26,0.98,0.66
"AL",2015,1,6.5,"LEPTODORA",5,5,2.28,6.37,2.9,0.98,0.45
"AL",2015,1,6.5,"MYSIS",5,0,0,0,0,0,0
"BM",2015,1,17,"CHAOBORUS LARVAE",4,142.5,30.96,181.44,39.41,10.67,2.32
"BM",2015,1,17,"CHAOBORUS PUPAE",4,17.5,7.92,22.28,10.09,1.31,0.59
"BM",2015,1,17,"LEPTODORA",4,2.75,1.79,3.5,2.27,0.21,0.13
"BM",2015,1,17,"MYSIS",4,0,0,0,0,0,0
"CB",2015,1,1.75,"CHAOBORUS LARVAE",5,0,0,0,0,0,0
"CB",2015,1,1.75,"CHAOBORUS PUPAE",5,0,0,0,0,0,0
"CB",2015,1,1.75,"LEPTODORA",5,0,0,0,0,0,0
"CB",2015,1,1.75,"MYSIS",5,0,0,0,0,0,0
"CR",2015,1,17,"CHAOBORUS LARVAE",5,0.8,0.4,1.02,0.51,0.06,0.03
"CR",2015,1,17,"CHAOBORUS PUPAE",5,0,0,0,0,0,0
"CR",2015,1,17,"LEPTODORA",5,292.6,132.53,372.55,168.75,21.91,9.93
"CR",2015,1,17,"MYSIS",5,0,0,0,0,0,0
"SP",2015,1,17,"CHAOBORUS LARVAE",5,0,0,0,0,0,0
"SP",2015,1,17,"CHAOBORUS PUPAE",5,0,0,0,0,0,0
"SP",2015,1,17,"LEPTODORA",5,81.6,11.98,103.9,15.25,6.11,0.9
"SP",2015,1,17,"MYSIS",5,0,0,0,0,0,0
"TB",2015,1,6.5,"CHAOBORUS LARVAE",5,0,0,0,0,0,0
"TB",2015,1,6.5,"CHAOBORUS PUPAE",5,0.2,0.4,0.25,0.51,0.04,0.08
"TB",2015,1,6.5,"LEPTODORA",5,0,0,0,0,0,0
"TB",2015,1,6.5,"MYSIS",5,0,0,0,0,0,0
"TR",2015,4,10,"BYTHOTREPHES",3,37,5.89,47.11,7.5,4.71,0.75
"TR",2015,4,10,"CHAOBORUS LARVAE",3,0.33,0.47,0.42,0.6,0.04,0.06
"TR",2015,4,10,"CHAOBORUS PUPAE",3,1,0.82,1.27,1.04,0.13,0.1
"TR",2015,4,10,"LEPTODORA",3,0,0,0,0,0,0
"TR",2015,4,10,"MYSIS",3,2.67,3.09,3.4,3.94,0.34,0.39
"TR",2015,5,15,"BYTHOTREPHES",3,34.67,6.02,44.14,7.66,2.94,0.51
"TR",2015,5,15,"CHAOBORUS LARVAE",3,0,0,0,0,0,0
"TR",2015,5,15,"CHAOBORUS PUPAE",3,1.33,1.25,1.7,1.59,0.11,0.11
"TR",2015,5,15,"LEPTODORA",3,0.33,0.47,0.42,0.6,0.03,0.04
"TR",2015,5,15,"MYSIS",3,103,30.47,131.14,38.8,8.74,2.59
"TR",2015,6,20,"BYTHOTREPHES",3,12.33,8.26,15.7,10.52,0.79,0.53
"TR",2015,6,20,"CHAOBORUS LARVAE",3,1.33,0.47,1.7,0.6,0.08,0.03
"TR",2015,6,20,"CHAOBORUS PUPAE",3,1.33,1.25,1.7,1.59,0.08,0.08
"TR",2015,6,20,"LEPTODORA",3,0,0,0,0,0,0
"TR",2015,6,20,"MYSIS",3,117.67,8.73,149.82,11.12,7.49,0.56
"TR",2015,7,25,"BYTHOTREPHES",3,34.33,10.27,43.71,13.08,1.75,0.52
"TR",2015,7,25,"CHAOBORUS LARVAE",3,3.67,0.94,4.67,1.2,0.19,0.05
"TR",2015,7,25,"CHAOBORUS PUPAE",3,1.33,1.25,1.7,1.59,0.07,0.06
"TR",2015,7,25,"LEPTODORA",3,0.33,0.47,0.42,0.6,0.02,0.02
"TR",2015,7,25,"MYSIS",3,95.33,11.47,121.38,14.6,4.86,0.58
"TR",2015,2,32,"BYTHOTREPHES",5,42.6,16.33,54.24,20.79,1.7,0.65
"TR",2015,2,32,"CHAOBORUS LARVAE",5,1.8,1.6,2.29,2.04,0.07,0.06
"TR",2015,2,32,"CHAOBORUS PUPAE",5,0,0,0,0,0,0
"TR",2015,2,32,"LEPTODORA",5,0,0,0,0,0,0
"TR",2015,2,32,"MYSIS",5,0,0,0,0,0,0
"AL",2016,1,6.5,"CHAOBORUS LARVAE",5,704.2,365.69,896.62,465.61,137.94,71.63
"AL",2016,1,6.5,"CHAOBORUS PUPAE",5,388,311.38,494.02,396.46,76,60.99
"AL",2016,1,6.5,"LEPTODORA",5,0.4,0.49,0.51,0.62,0.08,0.1
"AL",2016,1,6.5,"MYSIS",5,0,0,0,0,0,0
"BM",2016,1,17,"CHAOBORUS LARVAE",5,236.8,31.75,301.5,40.42,17.74,2.38
"BM",2016,1,17,"CHAOBORUS PUPAE",5,48.4,4.32,61.62,5.5,3.62,0.32
"BM",2016,1,17,"LEPTODORA",5,7.6,1.36,9.68,1.73,0.57,0.1
"BM",2016,1,17,"MYSIS",5,0,0,0,0,0,0
"CB",2016,1,1.75,"CHAOBORUS LARVAE",5,4.4,3.26,5.6,4.15,3.2,2.37
"CB",2016,1,1.75,"CHAOBORUS PUPAE",5,8.4,9.89,10.7,12.59,6.11,7.2
"CB",2016,1,1.75,"LEPTODORA",5,0,0,0,0,0,0
"CB",2016,1,1.75,"MYSIS",5,0,0,0,0,0,0
"CR",2016,1,17,"CHAOBORUS LARVAE",5,3.8,2.71,4.84,3.45,0.28,0.2
"CR",2016,1,17,"CHAOBORUS PUPAE",5,1,0.89,1.27,1.14,0.07,0.07
"CR",2016,1,17,"LEPTODORA",5,112.6,49.03,143.37,62.43,8.43,3.67
"CR",2016,1,17,"MYSIS",5,0,0,0,0,0,0
"SP",2016,1,17,"CHAOBORUS LARVAE",5,0.2,0.4,0.25,0.51,0.01,0.03
"SP",2016,1,17,"CHAOBORUS PUPAE",5,0,0,0,0,0,0
"SP",2016,1,17,"LEPTODORA",5,21.8,9.74,27.76,12.41,1.63,0.73
"SP",2016,1,17,"MYSIS",5,0,0,0,0,0,0
"TB",2016,1,6.5,"CHAOBORUS LARVAE",5,0.4,0.8,0.51,1.02,0.08,0.16
"TB",2016,1,6.5,"CHAOBORUS PUPAE",5,0,0,0,0,0,0
"TB",2016,1,6.5,"LEPTODORA",5,0,0,0,0,0,0
"TB",2016,1,6.5,"MYSIS",5,0,0,0,0,0,0
"TR",2016,4,10,"BYTHOTREPHES",3,94,16.31,119.68,20.77,11.97,2.08
"TR",2016,4,10,"CHAOBORUS LARVAE",3,20.67,3.3,26.31,4.2,2.63,0.42
"TR",2016,4,10,"CHAOBORUS PUPAE",3,49.33,5.56,62.81,7.08,6.28,0.71
"TR",2016,4,10,"LEPTODORA",3,38,0.82,48.38,1.04,4.84,0.1
"TR",2016,4,10,"MYSIS",3,0,0,0,0,0,0
"TR",2016,5,15,"BYTHOTREPHES",3,127.67,25.95,162.55,33.04,10.84,2.2
"TR",2016,5,15,"CHAOBORUS LARVAE",3,31.67,10.34,40.32,13.16,2.69,0.88
"TR",2016,5,15,"CHAOBORUS PUPAE",3,39.33,14.38,50.08,18.31,3.34,1.22
"TR",2016,5,15,"LEPTODORA",3,49.33,10.84,62.81,13.8,4.19,0.92
"TR",2016,5,15,"MYSIS",3,73,22.76,92.95,28.98,6.2,1.93
"TR",2016,6,20,"BYTHOTREPHES",3,239,22.64,304.3,28.83,15.22,1.44
"TR",2016,6,20,"CHAOBORUS LARVAE",3,16.67,3.68,21.22,4.69,1.06,0.23
"TR",2016,6,20,"CHAOBORUS PUPAE",3,30.67,4.78,39.05,6.09,1.95,0.3
"TR",2016,6,20,"LEPTODORA",3,44.33,9.1,56.45,11.59,2.82,0.58
"TR",2016,6,20,"MYSIS",3,89.67,13.02,114.17,16.58,5.71,0.83
"TR",2016,7,25,"BYTHOTREPHES",3,158,79.21,201.17,100.86,8.05,4.03
"TR",2016,7,25,"CHAOBORUS LARVAE",3,6.67,1.7,8.49,2.16,0.34,0.09
"TR",2016,7,25,"CHAOBORUS PUPAE",3,4.67,2.62,5.94,3.34,0.24,0.13
"TR",2016,7,25,"LEPTODORA",3,29,12.75,36.92,16.24,1.48,0.65
"TR",2016,7,25,"MYSIS",3,101,23.72,128.6,30.2,5.14,1.21
"TR",2016,2,32,"BYTHOTREPHES",5,75,5.93,95.49,7.55,2.98,0.24
"TR",2016,2,32,"CHAOBORUS LARVAE",5,9.4,3.72,11.97,4.74,0.37,0.15
"TR",2016,2,32,"CHAOBORUS PUPAE",5,2.4,1.96,3.06,2.5,0.1,0.08
"TR",2016,2,32,"LEPTODORA",5,39.6,10.61,50.42,13.51,1.58,0.42
"TR",2016,2,32,"MYSIS",5,0.2,0.4,0.25,0.51,0.01,0.02
"AL",2017,1,6.5,"CHAOBORUS LARVAE",5,1799.2,270.93,2290.81,344.95,352.43,53.07
"AL",2017,1,6.5,"CHAOBORUS PUPAE",5,278.2,94.88,354.22,120.81,54.49,18.59
"AL",2017,1,6.5,"LEPTODORA",5,5.4,3.61,6.88,4.6,1.06,0.71
"AL",2017,1,6.5,"MYSIS",5,0,0,0,0,0,0
"BM",2017,1,17,"CHAOBORUS LARVAE",5,314.6,82.15,400.56,104.59,23.56,6.15
"BM",2017,1,17,"CHAOBORUS PUPAE",5,43.6,9.69,55.51,12.33,3.27,0.73
"BM",2017,1,17,"LEPTODORA",5,46.2,18.51,58.82,23.57,3.46,1.39
"BM",2017,1,17,"MYSIS",5,0,0,0,0,0,0
"CB",2017,1,1.75,"CHAOBORUS LARVAE",5,0.2,0.4,0.25,0.51,0.15,0.29
"CB",2017,1,1.75,"CHAOBORUS PUPAE",5,0,0,0,0,0,0
"CB",2017,1,1.75,"LEPTODORA",5,0,0,0,0,0,0
"CB",2017,1,1.75,"MYSIS",5,0,0,0,0,0,0
"CR",2017,1,18,"CHAOBORUS LARVAE",5,6.4,1.02,8.15,1.3,0.45,0.07
"CR",2017,1,18,"CHAOBORUS PUPAE",5,2,1.41,2.55,1.8,0.14,0.1
"CR",2017,1,18,"LEPTODORA",5,329.4,133.13,419.41,169.51,23.3,9.42
"CR",2017,1,18,"MYSIS",5,0,0,0,0,0,0
"SP",2017,1,17,"CHAOBORUS LARVAE",5,0,0,0,0,0,0
"SP",2017,1,17,"CHAOBORUS PUPAE",5,0,0,0,0,0,0
"SP",2017,1,17,"LEPTODORA",5,258.8,64.4,329.51,82,19.38,4.82
"SP",2017,1,17,"MYSIS",5,0,0,0,0,0,0
"TB",2017,1,6.5,"CHAOBORUS LARVAE",5,2,1.41,2.55,1.8,0.39,0.28
"TB",2017,1,6.5,"CHAOBORUS PUPAE",5,0,0,0,0,0,0
"TB",2017,1,6.5,"LEPTODORA",5,0,0,0,0,0,0
"TB",2017,1,6.5,"MYSIS",5,0,0,0,0,0,0
"TR",2017,4,10,"BYTHOTREPHES",3,253.67,36.43,322.98,46.38,32.3,4.64
"TR",2017,4,10,"CHAOBORUS LARVAE",3,23.67,9.03,30.13,11.5,3.01,1.15
"TR",2017,4,10,"CHAOBORUS PUPAE",3,3.33,0.94,4.24,1.2,0.42,0.12
"TR",2017,4,10,"LEPTODORA",3,9.33,1.7,11.88,2.16,1.19,0.22
"TR",2017,4,10,"MYSIS",3,0,0,0,0,0,0
"TR",2017,5,15,"BYTHOTREPHES",3,304.67,22.43,387.91,28.55,25.86,1.9
"TR",2017,5,15,"CHAOBORUS LARVAE",3,34,5.72,43.29,7.28,2.89,0.49
"TR",2017,5,15,"CHAOBORUS PUPAE",3,3.67,0.47,4.67,0.6,0.31,0.04
"TR",2017,5,15,"LEPTODORA",3,6.33,2.62,8.06,3.34,0.54,0.22
"TR",2017,5,15,"MYSIS",3,28.67,6.24,36.5,7.94,2.43,0.53
"TR",2017,6,20,"BYTHOTREPHES",3,469,89.23,597.15,113.61,29.86,5.68
"TR",2017,6,20,"CHAOBORUS LARVAE",3,35,13.93,44.56,17.73,2.23,0.89
"TR",2017,6,20,"CHAOBORUS PUPAE",3,5.67,1.7,7.22,2.16,0.36,0.11
"TR",2017,6,20,"LEPTODORA",3,4.67,1.89,5.94,2.4,0.3,0.12
"TR",2017,6,20,"MYSIS",3,54.33,4.71,69.18,6,3.46,0.3
"TR",2017,7,25,"BYTHOTREPHES",3,527.33,76.11,671.42,96.91,26.86,3.88
"TR",2017,7,25,"CHAOBORUS LARVAE",3,49,10.71,62.39,13.63,2.5,0.55
"TR",2017,7,25,"CHAOBORUS PUPAE",3,6,1.41,7.64,1.8,0.31,0.07
"TR",2017,7,25,"LEPTODORA",3,6.67,2.62,8.49,3.34,0.34,0.13
"TR",2017,7,25,"MYSIS",3,64.33,12.66,81.91,16.12,3.28,0.64
"TR",2017,2,32,"BYTHOTREPHES",5,550.4,44.32,700.79,56.43,21.9,1.76
"TR",2017,2,32,"CHAOBORUS LARVAE",5,40.2,12.42,51.18,15.81,1.6,0.49
"TR",2017,2,32,"CHAOBORUS PUPAE",5,4.2,1.6,5.35,2.04,0.17,0.06
"TR",2017,2,32,"LEPTODORA",5,2.6,1.85,3.31,2.36,0.1,0.07
"TR",2017,2,32,"MYSIS",5,0,0,0,0,0,0
"AL",2018,1,6.5,"CHAOBORUS LARVAE",5,966,233.41,1229.95,297.18,189.22,45.72
"AL",2018,1,6.5,"CHAOBORUS PUPAE",5,73.6,21.51,93.71,27.39,14.42,4.21
"AL",2018,1,6.5,"LEPTODORA",5,6,2.97,7.64,3.78,1.18,0.58
"AL",2018,1,6.5,"MYSIS",5,0,0,0,0,0,0
"BM",2018,1,17,"CHAOBORUS LARVAE",5,355.4,54.85,452.51,69.84,26.62,4.11
"BM",2018,1,17,"CHAOBORUS PUPAE",5,42,10.94,53.48,13.92,3.15,0.82
"BM",2018,1,17,"LEPTODORA",5,26.4,6.15,33.61,7.83,1.98,0.46
"BM",2018,1,17,"MYSIS",5,0,0,0,0,0,0
"CB",2018,1,1.75,"CHAOBORUS LARVAE",5,0.4,0.49,0.51,0.62,0.29,0.36
"CB",2018,1,1.75,"CHAOBORUS PUPAE",5,0.4,0.49,0.51,0.62,0.29,0.36
"CB",2018,1,1.75,"LEPTODORA",5,0,0,0,0,0,0
"CB",2018,1,1.75,"MYSIS",5,0,0,0,0,0,0
"CR",2018,1,18,"CHAOBORUS LARVAE",5,1.4,1.96,1.78,2.5,0.1,0.14
"CR",2018,1,18,"CHAOBORUS PUPAE",5,0,0,0,0,0,0
"CR",2018,1,18,"LEPTODORA",5,66,28.57,84.03,36.38,4.67,2.02
"CR",2018,1,18,"MYSIS",5,0,0,0,0,0,0
"SP",2018,1,17,"CHAOBORUS LARVAE",5,0.4,0.8,0.51,1.02,0.03,0.06
"SP",2018,1,17,"CHAOBORUS PUPAE",5,0,0,0,0,0,0
"SP",2018,1,17,"LEPTODORA",5,156.8,69.81,199.64,88.88,11.74,5.23
"SP",2018,1,17,"MYSIS",5,0,0,0,0,0,0
"TB",2018,1,6.5,"CHAOBORUS LARVAE",5,0,0,0,0,0,0
"TB",2018,1,6.5,"CHAOBORUS PUPAE",5,0,0,0,0,0,0
"TB",2018,1,6.5,"LEPTODORA",5,0.2,0.4,0.25,0.51,0.04,0.08
"TB",2018,1,6.5,"MYSIS",5,0,0,0,0,0,0
"TR",2018,4,10,"BYTHOTREPHES",3,349.67,116.92,445.21,148.87,44.52,14.89
"TR",2018,4,10,"CHAOBORUS LARVAE",3,19,2.94,24.19,3.75,2.42,0.37
"TR",2018,4,10,"CHAOBORUS PUPAE",3,15.67,4.03,19.95,5.13,1.99,0.51
"TR",2018,4,10,"LEPTODORA",3,7,0.82,8.91,1.04,0.89,0.1
"TR",2018,4,10,"MYSIS",3,3,2.16,3.82,2.75,0.38,0.28
"TR",2018,5,15,"BYTHOTREPHES",3,428.33,202.47,545.37,257.79,36.36,17.19
"TR",2018,5,15,"CHAOBORUS LARVAE",3,13,4.97,16.55,6.32,1.1,0.42
"TR",2018,5,15,"CHAOBORUS PUPAE",3,1.33,1.25,1.7,1.59,0.11,0.11
"TR",2018,5,15,"LEPTODORA",3,6.67,2.05,8.49,2.62,0.57,0.17
"TR",2018,5,15,"MYSIS",3,24.33,10.87,30.98,13.84,2.07,0.92
"TR",2018,6,20,"BYTHOTREPHES",3,327.67,74.84,417.2,95.29,20.86,4.76
"TR",2018,6,20,"CHAOBORUS LARVAE",3,13,4.55,16.55,5.79,0.83,0.29
"TR",2018,6,20,"CHAOBORUS PUPAE",3,0.33,0.47,0.42,0.6,0.02,0.03
"TR",2018,6,20,"LEPTODORA",3,6,1.63,7.64,2.08,0.38,0.1
"TR",2018,6,20,"MYSIS",3,66,29.53,84.03,37.6,4.2,1.88
"TR",2018,7,25,"BYTHOTREPHES",3,385.33,148.2,490.62,188.7,19.62,7.55
"TR",2018,7,25,"CHAOBORUS LARVAE",3,17.67,5.19,22.49,6.6,0.9,0.26
"TR",2018,7,25,"CHAOBORUS PUPAE",3,0.67,0.94,0.85,1.2,0.03,0.05
"TR",2018,7,25,"LEPTODORA",3,5.33,1.89,6.79,2.4,0.27,0.1
"TR",2018,7,25,"MYSIS",3,57,26.7,72.57,33.99,2.9,1.36
"TR",2018,2,32,"BYTHOTREPHES",5,606.6,262.96,772.35,334.82,24.14,10.46
"TR",2018,2,32,"CHAOBORUS LARVAE",5,11.4,3.5,14.51,4.45,0.45,0.14
"TR",2018,2,32,"CHAOBORUS PUPAE",5,0,0,0,0,0,0
"TR",2018,2,32,"LEPTODORA",5,3.2,2.32,4.07,2.95,0.13,0.09
"TR",2018,2,32,"MYSIS",5,0.2,0.4,0.25,0.51,0.01,0.02
"AL",2019,1,6.5,"CHAOBORUS LARVAE",4,2058.33,543.98,2620.75,692.62,403.19,106.56
"AL",2019,1,6.5,"CHAOBORUS PUPAE",4,133.67,13.82,170.19,17.59,26.18,2.71
"AL",2019,1,6.5,"LEPTODORA",4,4.33,0.94,5.52,1.2,0.85,0.18
"AL",2019,1,6.5,"MYSIS",4,0,0,0,0,0,0
"BM",2019,1,17,"CHAOBORUS LARVAE",5,131.2,35.76,167.05,45.53,9.83,2.68
"BM",2019,1,17,"CHAOBORUS PUPAE",5,66.6,7.55,84.8,9.62,4.99,0.57
"BM",2019,1,17,"LEPTODORA",5,4.4,4.36,5.6,5.56,0.33,0.33
"BM",2019,1,17,"MYSIS",5,0,0,0,0,0,0
"CB",2019,1,1.75,"CHAOBORUS LARVAE",5,2,3.03,2.55,3.86,1.46,2.21
"CB",2019,1,1.75,"CHAOBORUS PUPAE",5,0,0,0,0,0,0
"CB",2019,1,1.75,"LEPTODORA",5,0,0,0,0,0,0
"CB",2019,1,1.75,"MYSIS",5,0,0,0,0,0,0
"CR",2019,1,18,"CHAOBORUS LARVAE",5,1.8,1.17,2.29,1.48,0.13,0.08
"CR",2019,1,18,"CHAOBORUS PUPAE",5,0.2,0.4,0.25,0.51,0.01,0.03
"CR",2019,1,18,"LEPTODORA",5,262.2,51.47,333.84,65.54,18.55,3.64
"CR",2019,1,18,"MYSIS",5,0,0,0,0,0,0
"SP",2019,1,17,"CHAOBORUS LARVAE",5,0,0,0,0,0,0
"SP",2019,1,17,"CHAOBORUS PUPAE",5,0,0,0,0,0,0
"SP",2019,1,17,"LEPTODORA",5,601.8,121.8,766.24,155.09,45.07,9.12
"SP",2019,1,17,"MYSIS",5,0,0,0,0,0,0
"TB",2019,1,6.5,"CHAOBORUS LARVAE",3,0,0,0,0,0,0
"TB",2019,1,6.5,"CHAOBORUS PUPAE",3,0,0,0,0,0,0
"TB",2019,1,6.5,"LEPTODORA",3,0,0,0,0,0,0
"TB",2019,1,6.5,"MYSIS",3,0,0,0,0,0,0
"TR",2019,4,10,"BYTHOTREPHES",3,179,82.9,227.91,105.55,22.79,10.56
"TR",2019,4,10,"CHAOBORUS LARVAE",3,0.33,0.47,0.42,0.6,0.04,0.06
"TR",2019,4,10,"CHAOBORUS PUPAE",3,0.33,0.47,0.42,0.6,0.04,0.06
"TR",2019,4,10,"LEPTODORA",3,43.67,12.04,55.6,15.33,5.56,1.53
"TR",2019,4,10,"MYSIS",3,1,0.82,1.27,1.04,0.13,0.1
"TR",2019,5,15,"BYTHOTREPHES",3,225.33,20.43,286.9,26.02,19.13,1.73
"TR",2019,5,15,"CHAOBORUS LARVAE",3,1,0.82,1.27,1.04,0.08,0.07
"TR",2019,5,15,"CHAOBORUS PUPAE",3,0.67,0.47,0.85,0.6,0.06,0.04
"TR",2019,5,15,"LEPTODORA",3,53,4.9,67.48,6.24,4.5,0.42
"TR",2019,5,15,"MYSIS",3,54,22.76,68.75,28.98,4.58,1.93
"TR",2019,6,20,"BYTHOTREPHES",3,180.33,6.55,229.61,8.34,11.48,0.42
"TR",2019,6,20,"CHAOBORUS LARVAE",3,1.33,0.47,1.7,0.6,0.08,0.03
"TR",2019,6,20,"CHAOBORUS PUPAE",3,0.67,0.94,0.85,1.2,0.04,0.06
"TR",2019,6,20,"LEPTODORA",3,38.67,4.03,49.23,5.13,2.46,0.26
"TR",2019,6,20,"MYSIS",3,59.67,13.3,75.97,16.93,3.8,0.85
"TR",2019,7,25,"BYTHOTREPHES",3,226.33,44.1,288.18,56.15,11.53,2.25
"TR",2019,7,25,"CHAOBORUS LARVAE",3,1,0.82,1.27,1.04,0.05,0.04
"TR",2019,7,25,"CHAOBORUS PUPAE",3,0.67,0.47,0.85,0.6,0.03,0.02
"TR",2019,7,25,"LEPTODORA",3,52.67,7.36,67.06,9.38,2.68,0.38
"TR",2019,7,25,"MYSIS",3,28.67,2.62,36.5,3.34,1.46,0.13
"TR",2019,2,32,"BYTHOTREPHES",5,216.6,32.77,275.78,41.72,8.62,1.3
"TR",2019,2,32,"CHAOBORUS LARVAE",5,3.8,1.17,4.84,1.48,0.15,0.05
"TR",2019,2,32,"CHAOBORUS PUPAE",5,0.6,0.49,0.76,0.62,0.02,0.02
"TR",2019,2,32,"LEPTODORA",5,35.2,6.24,44.82,7.95,1.4,0.25
"TR",2019,2,32,"MYSIS",5,3,1.41,3.82,1.8,0.12,0.06
"TR",2020,4,10,"BYTHOTREPHES",3,0.67,0.94,0.85,1.2,0.08,0.12
"TR",2020,4,10,"CHAOBORUS LARVAE",3,1.67,0.47,2.12,0.6,0.21,0.06
"TR",2020,4,10,"CHAOBORUS PUPAE",3,2.67,1.7,3.4,2.16,0.34,0.22
"TR",2020,4,10,"LEPTODORA",3,51,8.52,64.94,10.85,6.49,1.09
"TR",2020,4,10,"MYSIS",3,7,1.41,8.91,1.8,0.89,0.18
"TR",2020,5,15,"BYTHOTREPHES",3,0.33,0.47,0.42,0.6,0.03,0.04
"TR",2020,5,15,"CHAOBORUS LARVAE",3,8.67,2.62,11.03,3.34,0.74,0.22
"TR",2020,5,15,"CHAOBORUS PUPAE",3,4.33,0.94,5.52,1.2,0.37,0.08
"TR",2020,5,15,"LEPTODORA",3,29.33,2.62,37.35,3.34,2.49,0.22
"TR",2020,5,15,"MYSIS",3,112,9.9,142.6,12.6,9.51,0.84
"TR",2020,6,20,"BYTHOTREPHES",3,0,0,0,0,0,0
"TR",2020,6,20,"CHAOBORUS LARVAE",3,17.67,4.03,22.49,5.13,1.12,0.26
"TR",2020,6,20,"CHAOBORUS PUPAE",3,9.33,5.44,11.88,6.92,0.59,0.35
"TR",2020,6,20,"LEPTODORA",3,26.67,7.41,33.95,9.43,1.7,0.47
"TR",2020,6,20,"MYSIS",3,91.67,20.04,116.71,25.51,5.84,1.28
"TR",2020,7,25,"BYTHOTREPHES",3,0,0,0,0,0,0
"TR",2020,7,25,"CHAOBORUS LARVAE",3,7,2.83,8.91,3.6,0.36,0.14
"TR",2020,7,25,"CHAOBORUS PUPAE",3,2.67,1.25,3.4,1.59,0.14,0.06
"TR",2020,7,25,"LEPTODORA",3,77.33,24.28,98.46,30.92,3.94,1.24
"TR",2020,7,25,"MYSIS",3,39.33,8.73,50.08,11.12,2,0.44
"TR",2020,2,32,"BYTHOTREPHES",5,0,0,0,0,0,0
"TR",2020,2,32,"CHAOBORUS LARVAE",5,8,3.03,10.19,3.86,0.32,0.12
"TR",2020,2,32,"CHAOBORUS PUPAE",5,0.2,0.4,0.25,0.51,0.01,0.02
"TR",2020,2,32,"LEPTODORA",5,99,7.62,126.05,9.7,3.94,0.3
"TR",2020,2,32,"MYSIS",5,0,0,0,0,0,0
"AL",2021,1,6,"CHAOBORUS LARVAE",5,1793.2,222.64,2283.17,283.47,380.53,47.24
"AL",2021,1,6,"CHAOBORUS PUPAE",5,114,43.46,145.15,55.33,24.19,9.22
"AL",2021,1,6,"LEPTODORA",5,0,0,0,0,0,0
"AL",2021,1,6,"MYSIS",5,0,0,0,0,0,0
"BM",2021,1,17,"CHAOBORUS LARVAE",5,116.4,36.42,148.21,46.37,8.72,2.73
"BM",2021,1,17,"CHAOBORUS PUPAE",5,13.2,8.08,16.81,10.29,0.99,0.61
"BM",2021,1,17,"LEPTODORA",5,6,4.73,7.64,6.03,0.45,0.35
"BM",2021,1,17,"MYSIS",5,0,0,0,0,0,0
"CB",2021,1,1.75,"CHAOBORUS LARVAE",5,412,93.52,524.57,119.07,299.76,68.04
"CB",2021,1,1.75,"CHAOBORUS PUPAE",5,3.4,2.5,4.33,3.18,2.47,1.82
"CB",2021,1,1.75,"LEPTODORA",5,0,0,0,0,0,0
"CB",2021,1,1.75,"MYSIS",5,0.2,0.4,0.25,0.51,0.15,0.29
"CR",2021,1,18,"CHAOBORUS LARVAE",5,28.4,6.37,36.16,8.12,2.01,0.45
"CR",2021,1,18,"CHAOBORUS PUPAE",5,0.2,0.4,0.25,0.51,0.01,0.03
"CR",2021,1,18,"LEPTODORA",5,330.8,46.55,421.19,59.27,23.4,3.29
"CR",2021,1,18,"MYSIS",5,0,0,0,0,0,0
"SP",2021,1,17,"CHAOBORUS LARVAE",5,0.4,0.8,0.51,1.02,0.03,0.06
"SP",2021,1,17,"CHAOBORUS PUPAE",5,0,0,0,0,0,0
"SP",2021,1,17,"LEPTODORA",5,18.4,8.36,23.43,10.64,1.38,0.63
"SP",2021,1,17,"MYSIS",5,0,0,0,0,0,0
"TB",2021,1,6,"CHAOBORUS LARVAE",5,0.6,0.8,0.76,1.02,0.13,0.17
"TB",2021,1,6,"CHAOBORUS PUPAE",5,0,0,0,0,0,0
"TB",2021,1,6,"LEPTODORA",5,0,0,0,0,0,0
"TB",2021,1,6,"MYSIS",5,0,0,0,0,0,0
"TR",2021,4,10,"BYTHOTREPHES",3,0,0,0,0,0,0
"TR",2021,4,10,"CHAOBORUS LARVAE",3,0.67,0.47,0.85,0.6,0.08,0.06
"TR",2021,4,10,"CHAOBORUS PUPAE",3,2.67,0.94,3.4,1.2,0.34,0.12
"TR",2021,4,10,"LEPTODORA",3,277.33,20.55,353.11,26.16,35.31,2.62
"TR",2021,4,10,"MYSIS",3,4.33,3.4,5.52,4.33,0.55,0.43
"TR",2021,5,15,"BYTHOTREPHES",3,0,0,0,0,0,0
"TR",2021,5,15,"CHAOBORUS LARVAE",3,2,1.41,2.55,1.8,0.17,0.12
"TR",2021,5,15,"CHAOBORUS PUPAE",3,1,0.82,1.27,1.04,0.08,0.07
"TR",2021,5,15,"LEPTODORA",3,207,20.61,263.56,26.24,17.57,1.75
"TR",2021,5,15,"MYSIS",3,90.67,8.96,115.44,11.4,7.7,0.76
"TR",2021,6,20,"BYTHOTREPHES",3,0,0,0,0,0,0
"TR",2021,6,20,"CHAOBORUS LARVAE",3,4.67,2.49,5.94,3.18,0.3,0.16
"TR",2021,6,20,"CHAOBORUS PUPAE",3,4,0.82,5.09,1.04,0.25,0.05
"TR",2021,6,20,"LEPTODORA",3,239.67,26.96,305.15,34.33,15.26,1.72
"TR",2021,6,20,"MYSIS",3,193.33,20.34,246.16,25.89,12.31,1.29
"TR",2021,7,25,"BYTHOTREPHES",3,0.33,0.47,0.42,0.6,0.02,0.02
"TR",2021,7,25,"CHAOBORUS LARVAE",3,6,2.83,7.64,3.6,0.31,0.14
"TR",2021,7,25,"CHAOBORUS PUPAE",3,3.67,2.05,4.67,2.62,0.19,0.1
"TR",2021,7,25,"LEPTODORA",3,244,52.84,310.67,67.28,12.43,2.69
"TR",2021,7,25,"MYSIS",3,104.33,12.5,132.84,15.91,5.31,0.64
"TR",2021,2,31,"BYTHOTREPHES",5,0,0,0,0,0,0
"TR",2021,2,31,"CHAOBORUS LARVAE",5,5.8,4.4,7.38,5.6,0.24,0.18
"TR",2021,2,31,"CHAOBORUS PUPAE",5,1.8,0.98,2.29,1.25,0.07,0.04
"TR",2021,2,31,"LEPTODORA",5,206.6,63.1,263.05,80.35,8.49,2.59
"TR",2021,2,31,"MYSIS",5,0.2,0.4,0.25,0.51,0.01,0.02
"AL",2022,1,6.5,"BYTHOTREPHES",5,0,0,0,0,0,0
"AL",2022,1,6.5,"CHAOBORUS LARVAE",5,1239.4,268.49,1578.05,341.86,242.78,52.59
"AL",2022,1,6.5,"CHAOBORUS PUPAE",5,181.6,36.72,231.22,46.75,35.57,7.19
"AL",2022,1,6.5,"LEPTODORA",5,2.8,1.6,3.57,2.04,0.55,0.31
"AL",2022,1,6.5,"MYSIS",5,0,0,0,0,0,0
"BM",2022,1,17,"BYTHOTREPHES",5,0.2,0.4,0.25,0.51,0.01,0.03
"BM",2022,1,17,"CHAOBORUS LARVAE",5,279,27.9,355.23,35.52,20.9,2.09
"BM",2022,1,17,"CHAOBORUS PUPAE",5,7.2,1.33,9.17,1.69,0.54,0.1
"BM",2022,1,17,"LEPTODORA",5,14.2,11.11,18.08,14.14,1.06,0.83
"BM",2022,1,17,"MYSIS",5,0,0,0,0,0,0
"CB",2022,1,1.75,"BYTHOTREPHES",5,0,0,0,0,0,0
"CB",2022,1,1.75,"CHAOBORUS LARVAE",5,8,5.1,10.19,6.49,5.82,3.71
"CB",2022,1,1.75,"CHAOBORUS PUPAE",5,1.6,1.85,2.04,2.36,1.16,1.35
"CB",2022,1,1.75,"LEPTODORA",5,0.6,0.8,0.76,1.02,0.44,0.58
"CB",2022,1,1.75,"MYSIS",5,0,0,0,0,0,0
"CR",2022,1,18,"BYTHOTREPHES",5,0,0,0,0,0,0
"CR",2022,1,18,"CHAOBORUS LARVAE",5,18.8,14.88,23.94,18.94,1.33,1.05
"CR",2022,1,18,"CHAOBORUS PUPAE",5,2.8,2.14,3.57,2.72,0.2,0.15
"CR",2022,1,18,"LEPTODORA",5,473.2,276.78,602.5,352.41,33.47,19.58
"CR",2022,1,18,"MYSIS",5,0,0,0,0,0,0
"SP",2022,1,17,"BYTHOTREPHES",5,0,0,0,0,0,0
"SP",2022,1,17,"CHAOBORUS LARVAE",5,0.2,0.4,0.25,0.51,0.01,0.03
"SP",2022,1,17,"CHAOBORUS PUPAE",5,0.4,0.49,0.51,0.62,0.03,0.04
"SP",2022,1,17,"LEPTODORA",5,57.4,14.07,73.08,17.91,4.3,1.05
"SP",2022,1,17,"MYSIS",5,0,0,0,0,0,0
"TB",2022,1,6.5,"BYTHOTREPHES",5,0,0,0,0,0,0
"TB",2022,1,6.5,"CHAOBORUS LARVAE",5,1.8,0.75,2.29,0.95,0.35,0.15
"TB",2022,1,6.5,"CHAOBORUS PUPAE",5,0.4,0.49,0.51,0.62,0.08,0.1
"TB",2022,1,6.5,"LEPTODORA",5,0.6,0.8,0.76,1.02,0.12,0.16
"TB",2022,1,6.5,"MYSIS",5,0,0,0,0,0,0
"TR",2022,4,10,"BYTHOTREPHES",3,248.67,17.99,316.61,22.9,31.66,2.29
"TR",2022,4,10,"CHAOBORUS LARVAE",3,1.33,1.25,1.7,1.59,0.17,0.16
"TR",2022,4,10,"CHAOBORUS PUPAE",3,4,0,5.09,0,0.51,0
"TR",2022,4,10,"LEPTODORA",3,120.33,37.33,153.21,47.53,15.32,4.75
"TR",2022,4,10,"MYSIS",3,0.33,0.47,0.42,0.6,0.04,0.06
"TR",2022,5,15,"BYTHOTREPHES",3,585.67,240.79,745.69,306.58,49.71,20.44
"TR",2022,5,15,"CHAOBORUS LARVAE",3,3,1.63,3.82,2.08,0.25,0.14
"TR",2022,5,15,"CHAOBORUS PUPAE",3,21,3.27,26.74,4.16,1.78,0.28
"TR",2022,5,15,"LEPTODORA",3,69.33,31.63,88.28,40.27,5.89,2.68
"TR",2022,5,15,"MYSIS",3,34.67,14.61,44.14,18.61,2.94,1.24
"TR",2022,6,20,"BYTHOTREPHES",3,352.33,62.49,448.6,79.57,22.43,3.98
"TR",2022,6,20,"CHAOBORUS LARVAE",3,6,2.83,7.64,3.6,0.38,0.18
"TR",2022,6,20,"CHAOBORUS PUPAE",3,14,2.83,17.83,3.6,0.89,0.18
"TR",2022,6,20,"LEPTODORA",3,82.67,14.88,105.25,18.95,5.26,0.95
"TR",2022,6,20,"MYSIS",3,46,12.03,58.57,15.31,2.93,0.77
"TR",2022,7,25,"BYTHOTREPHES",3,690.33,250.87,878.96,319.42,35.16,12.78
"TR",2022,7,25,"CHAOBORUS LARVAE",3,8.67,3.3,11.03,4.2,0.44,0.17
"TR",2022,7,25,"CHAOBORUS PUPAE",3,53.67,15.97,68.33,20.33,2.73,0.81
"TR",2022,7,25,"LEPTODORA",3,131.33,29.1,167.22,37.05,6.69,1.48
"TR",2022,7,25,"MYSIS",3,69,15.12,87.85,19.25,3.51,0.77
"TR",2022,2,32,"BYTHOTREPHES",5,70.2,12.46,89.38,15.87,2.79,0.5
"TR",2022,2,32,"CHAOBORUS LARVAE",5,13.6,6.25,17.32,7.96,0.54,0.25
"TR",2022,2,32,"CHAOBORUS PUPAE",5,3.2,1.17,4.07,1.48,0.13,0.05
"TR",2022,2,32,"LEPTODORA",5,167,23,212.63,29.28,6.64,0.91
"TR",2022,2,32,"MYSIS",5,0,0,0,0,0,0
"AL",2023,1,6.5,"BYTHOTREPHES",5,0,0,0,0,0,0
"AL",2023,1,6.5,"CHAOBORUS LARVAE",5,993,263.2,1264.33,335.11,194.51,51.56
"AL",2023,1,6.5,"CHAOBORUS PUPAE",5,82.2,26.84,104.66,34.18,16.1,5.26
"AL",2023,1,6.5,"LEPTODORA",5,0.6,0.8,0.76,1.02,0.12,0.16
"AL",2023,1,6.5,"MYSIS",5,0,0,0,0,0,0
"BM",2023,1,17,"BYTHOTREPHES",5,0,0,0,0,0,0
"BM",2023,1,17,"CHAOBORUS LARVAE",5,265.6,83.89,338.17,106.81,19.89,6.28
"BM",2023,1,17,"CHAOBORUS PUPAE",5,13.8,11.44,17.57,14.57,1.03,0.86
"BM",2023,1,17,"LEPTODORA",5,1.6,2.73,2.04,3.47,0.12,0.2
"BM",2023,1,17,"MYSIS",5,0,0,0,0,0,0
"CB",2023,1,1.75,"BYTHOTREPHES",5,0,0,0,0,0,0
"CB",2023,1,1.75,"CHAOBORUS LARVAE",5,43.2,25.46,55,32.42,31.43,18.52
"CB",2023,1,1.75,"CHAOBORUS PUPAE",5,5.8,2.64,7.38,3.36,4.22,1.92
"CB",2023,1,1.75,"LEPTODORA",5,0,0,0,0,0,0
"CB",2023,1,1.75,"MYSIS",5,0,0,0,0,0,0
"CR",2023,1,18,"BYTHOTREPHES",5,0,0,0,0,0,0
"CR",2023,1,18,"CHAOBORUS LARVAE",5,1,0.89,1.27,1.14,0.07,0.06
"CR",2023,1,18,"CHAOBORUS PUPAE",5,0.2,0.4,0.25,0.51,0.01,0.03
"CR",2023,1,18,"LEPTODORA",5,55.2,29.14,70.28,37.11,3.9,2.06
"CR",2023,1,18,"MYSIS",5,0,0,0,0,0,0
"SP",2023,1,17,"BYTHOTREPHES",5,0,0,0,0,0,0
"SP",2023,1,17,"CHAOBORUS LARVAE",5,0.4,0.49,0.51,0.62,0.03,0.04
"SP",2023,1,17,"CHAOBORUS PUPAE",5,0,0,0,0,0,0
"SP",2023,1,17,"LEPTODORA",5,93.4,20.66,118.92,26.3,7,1.55
"SP",2023,1,17,"MYSIS",5,0,0,0,0,0,0
"TB",2023,1,6.5,"BYTHOTREPHES",5,0,0,0,0,0,0
"TB",2023,1,6.5,"CHAOBORUS LARVAE",5,0,0,0,0,0,0
"TB",2023,1,6.5,"CHAOBORUS PUPAE",5,0,0,0,0,0,0
"TB",2023,1,6.5,"LEPTODORA",5,0,0,0,0,0,0
"TB",2023,1,6.5,"MYSIS",5,0,0,0,0,0,0
"TR",2023,4,10,"BYTHOTREPHES",3,1,0.82,1.27,1.04,0.13,0.1
"TR",2023,4,10,"CHAOBORUS LARVAE",3,1.67,1.25,2.12,1.59,0.21,0.16
"TR",2023,4,10,"CHAOBORUS PUPAE",3,2,1.41,2.55,1.8,0.25,0.18
"TR",2023,4,10,"LEPTODORA",3,260.33,103.78,331.47,132.14,33.15,13.21
"TR",2023,4,10,"MYSIS",3,169,79.26,215.18,100.92,21.52,10.09
"TR",2023,5,15,"BYTHOTREPHES",3,0,0,0,0,0,0
"TR",2023,5,15,"CHAOBORUS LARVAE",3,2.33,1.25,2.97,1.59,0.2,0.11
"TR",2023,5,15,"CHAOBORUS PUPAE",3,0,0,0,0,0,0
"TR",2023,5,15,"LEPTODORA",3,221,99.5,281.39,126.69,18.76,8.45
"TR",2023,5,15,"MYSIS",3,178,58.66,226.64,74.68,15.11,4.98
"TR",2023,6,20,"BYTHOTREPHES",3,0,0,0,0,0,0
"TR",2023,6,20,"CHAOBORUS LARVAE",3,3.33,1.25,4.24,1.59,0.21,0.08
"TR",2023,6,20,"CHAOBORUS PUPAE",3,0.67,0.47,0.85,0.6,0.04,0.03
"TR",2023,6,20,"LEPTODORA",3,195.67,21.7,249.13,27.63,12.46,1.38
"TR",2023,6,20,"MYSIS",3,252.67,28.11,321.71,35.79,16.09,1.79
"TR",2023,7,25,"BYTHOTREPHES",3,0,0,0,0,0,0
"TR",2023,7,25,"CHAOBORUS LARVAE",3,3.67,1.89,4.67,2.4,0.19,0.1
"TR",2023,7,25,"CHAOBORUS PUPAE",3,0.67,0.47,0.85,0.6,0.03,0.02
"TR",2023,7,25,"LEPTODORA",3,216.67,66.24,275.87,84.34,11.03,3.37
"TR",2023,7,25,"MYSIS",3,134.33,34.12,171.04,43.44,6.84,1.74
"TR",2023,2,32,"BYTHOTREPHES",5,0.4,0.49,0.51,0.62,0.02,0.02
"TR",2023,2,32,"CHAOBORUS LARVAE",5,6.6,2.24,8.4,2.86,0.26,0.09
"TR",2023,2,32,"CHAOBORUS PUPAE",5,0.2,0.4,0.25,0.51,0.01,0.02
"TR",2023,2,32,"LEPTODORA",5,331.4,70.66,421.95,89.96,13.19,2.81
"TR",2023,2,32,"MYSIS",5,0,0,0,0,0,0
